name,id,author,source,sourcetype,separator,supported_TA_name,supported_TA_version,supported_TA_url,description
AWS Cloudfront,780086dc-2384-45b6-ade7-56cb00105464,"Patrick Bareiss, Splunk",aws,aws:cloudfront:accesslogs,,Splunk Add-on for Amazon Web Services (AWS),7.4.1,https://splunkbase.splunk.com/app/1876,Data source object for AWS Cloudfront
AWS CloudTrail,e8ace6db-1dbd-4c72-a1fb-334684619a38,"Patrick Bareiss, Splunk",aws_cloudtrail,aws:cloudtrail,eventName,Splunk Add-on for Amazon Web Services (AWS),7.4.1,https://splunkbase.splunk.com/app/1876,Data source object for AWS CloudTrail
AWS CloudTrail AssumeRoleWithSAML,1e28f2a6-2db9-405f-b298-18734a293f77,"Patrick Bareiss, Splunk",aws_cloudtrail,aws:cloudtrail,eventName,Splunk Add-on for Amazon Web Services (AWS),7.4.1,https://splunkbase.splunk.com/app/1876,Data source object for AWS CloudTrail AssumeRoleWithSAML
AWS CloudTrail ConsoleLogin,b68b3f26-bd21-4fa8-b593-616fe75ac0ae,"Patrick Bareiss, Splunk",aws_cloudtrail,aws:cloudtrail,eventName,Splunk Add-on for Amazon Web Services (AWS),7.4.1,https://splunkbase.splunk.com/app/1876,Data source object for AWS CloudTrail ConsoleLogin
AWS CloudTrail CopyObject,965083f4-64a8-403f-99cc-252e1a6bd3b6,"Patrick Bareiss, Splunk",aws_cloudtrail,aws:cloudtrail,eventName,Splunk Add-on for Amazon Web Services (AWS),7.4.1,https://splunkbase.splunk.com/app/1876,Data source object for AWS CloudTrail CopyObject
AWS CloudTrail CreateAccessKey,0460f7da-3254-4d90-b8c0-2ca657d0cea0,"Patrick Bareiss, Splunk",aws_cloudtrail,aws:cloudtrail,eventName,Splunk Add-on for Amazon Web Services (AWS),7.4.1,https://splunkbase.splunk.com/app/1876,Data source object for AWS CloudTrail CreateAccessKey
AWS CloudTrail CreateKey,fcfc1593-b6b5-4a0f-91c5-3c395116a8b9,"Patrick Bareiss, Splunk",aws_cloudtrail,aws:cloudtrail,eventName,Splunk Add-on for Amazon Web Services (AWS),7.4.1,https://splunkbase.splunk.com/app/1876,Data source object for AWS CloudTrail CreateKey
AWS CloudTrail CreateLoginProfile,0024fdb1-0d62-4449-970a-746952cf80b6,"Patrick Bareiss, Splunk",aws_cloudtrail,aws:cloudtrail,eventName,Splunk Add-on for Amazon Web Services (AWS),7.4.1,https://splunkbase.splunk.com/app/1876,Data source object for AWS CloudTrail CreateLoginProfile
AWS CloudTrail CreateNetworkAclEntry,45934028-10ec-4ab5-a7b1-a6349b833e67,"Patrick Bareiss, Splunk",aws_cloudtrail,aws:cloudtrail,eventName,Splunk Add-on for Amazon Web Services (AWS),7.4.1,https://splunkbase.splunk.com/app/1876,Data source object for AWS CloudTrail CreateNetworkAclEntry
AWS CloudTrail CreatePolicyVersion,f9f0f3da-37ec-4164-9ea0-0ae46645a86b,"Patrick Bareiss, Splunk",aws_cloudtrail,aws:cloudtrail,eventName,Splunk Add-on for Amazon Web Services (AWS),7.4.1,https://splunkbase.splunk.com/app/1876,Data source object for AWS CloudTrail CreatePolicyVersion
AWS CloudTrail CreateSnapshot,514135a2-f4b2-4d32-8f31-d87824887f9f,"Patrick Bareiss, Splunk",aws_cloudtrail,aws:cloudtrail,eventName,Splunk Add-on for Amazon Web Services (AWS),7.4.1,https://splunkbase.splunk.com/app/1876,Data source object for AWS CloudTrail CreateSnapshot
AWS CloudTrail CreateTask,6501e4fe-05b2-45f1-bd51-9e06a94fa7d9,"Patrick Bareiss, Splunk",aws_cloudtrail,aws:cloudtrail,eventName,Splunk Add-on for Amazon Web Services (AWS),7.4.1,https://splunkbase.splunk.com/app/1876,Data source object for AWS CloudTrail CreateTask
AWS CloudTrail CreateVirtualMFADevice,13e6e952-0dad-4190-865c-fb5911725f7a,"Patrick Bareiss, Splunk",aws_cloudtrail,aws:cloudtrail,eventName,Splunk Add-on for Amazon Web Services (AWS),7.4.1,https://splunkbase.splunk.com/app/1876,Data source object for AWS CloudTrail CreateVirtualMFADevice
AWS CloudTrail DeactivateMFADevice,7397a10b-1150-4de9-8062-a96454ae53b2,"Patrick Bareiss, Splunk",aws_cloudtrail,aws:cloudtrail,eventName,Splunk Add-on for Amazon Web Services (AWS),7.4.1,https://splunkbase.splunk.com/app/1876,Data source object for AWS CloudTrail DeactivateMFADevice
AWS CloudTrail DeleteAccountPasswordPolicy,b0730ac8-0992-4de8-b000-2c7d0fc7a67f,"Patrick Bareiss, Splunk",aws_cloudtrail,aws:cloudtrail,eventName,Splunk Add-on for Amazon Web Services (AWS),7.4.1,https://splunkbase.splunk.com/app/1876,Data source object for AWS CloudTrail DeleteAccountPasswordPolicy
AWS CloudTrail DeleteDetector,5d8bd475-c8bc-4447-b27f-efa508728b90,"Patrick Bareiss, Splunk",aws_cloudtrail,aws:cloudtrail,eventName,Splunk Add-on for Amazon Web Services (AWS),7.4.1,https://splunkbase.splunk.com/app/1876,Data source object for AWS CloudTrail DeleteDetector
AWS CloudTrail DeleteGroup,c95308a4-a943-42ca-b112-f90a05c21bd3,"Patrick Bareiss, Splunk",aws_cloudtrail,aws:cloudtrail,eventName,Splunk Add-on for Amazon Web Services (AWS),7.4.1,https://splunkbase.splunk.com/app/1876,Data source object for AWS CloudTrail DeleteGroup
AWS CloudTrail DeleteIPSet,ebdeeb63-77a0-4808-a6fe-549956731377,"Patrick Bareiss, Splunk",aws_cloudtrail,aws:cloudtrail,eventName,Splunk Add-on for Amazon Web Services (AWS),7.4.1,https://splunkbase.splunk.com/app/1876,Data source object for AWS CloudTrail DeleteIPSet
AWS CloudTrail DeleteLogGroup,60cf6a69-fa43-4a6c-8808-e9fb46bf387f,"Patrick Bareiss, Splunk",aws_cloudtrail,aws:cloudtrail,eventName,Splunk Add-on for Amazon Web Services (AWS),7.4.1,https://splunkbase.splunk.com/app/1876,Data source object for AWS CloudTrail DeleteLogGroup
AWS CloudTrail DeleteLogStream,6f8bb808-89f8-465e-a34d-229df2f46402,"Patrick Bareiss, Splunk",aws_cloudtrail,aws:cloudtrail,eventName,Splunk Add-on for Amazon Web Services (AWS),7.4.1,https://splunkbase.splunk.com/app/1876,Data source object for AWS CloudTrail DeleteLogStream
AWS CloudTrail DeleteNetworkAclEntry,a0dd0f10-cc03-425d-bd5a-e1e0d954b856,"Patrick Bareiss, Splunk",aws_cloudtrail,aws:cloudtrail,eventName,Splunk Add-on for Amazon Web Services (AWS),7.4.1,https://splunkbase.splunk.com/app/1876,Data source object for AWS CloudTrail DeleteNetworkAclEntry
AWS CloudTrail DeletePolicy,d190d23a-2c59-4a0e-9c55-a53ebef28ee5,"Patrick Bareiss, Splunk",aws_cloudtrail,aws:cloudtrail,eventName,Splunk Add-on for Amazon Web Services (AWS),7.4.1,https://splunkbase.splunk.com/app/1876,Data source object for AWS CloudTrail DeletePolicy
AWS CloudTrail DeleteRule,b5760623-f3ca-492d-a372-d5c2b3567dfc,"Patrick Bareiss, Splunk",aws_cloudtrail,aws:cloudtrail,eventName,Splunk Add-on for Amazon Web Services (AWS),7.4.1,https://splunkbase.splunk.com/app/1876,Data source object for AWS CloudTrail DeleteRule
AWS CloudTrail DeleteTrail,a5af09ff-07b6-4df6-92a0-2146bfe402c8,"Patrick Bareiss, Splunk",aws_cloudtrail,aws:cloudtrail,eventName,Splunk Add-on for Amazon Web Services (AWS),7.4.1,https://splunkbase.splunk.com/app/1876,Data source object for AWS CloudTrail DeleteTrail
AWS CloudTrail DeleteVirtualMFADevice,84a08d6b-3d59-4260-8cab-84278ada262f,"Patrick Bareiss, Splunk",aws_cloudtrail,aws:cloudtrail,eventName,Splunk Add-on for Amazon Web Services (AWS),7.4.1,https://splunkbase.splunk.com/app/1876,Data source object for AWS CloudTrail DeleteVirtualMFADevice
AWS CloudTrail DeleteWebACL,90da5f08-7961-4c29-8de8-01364982aadf,"Patrick Bareiss, Splunk",aws_cloudtrail,aws:cloudtrail,eventName,Splunk Add-on for Amazon Web Services (AWS),7.4.1,https://splunkbase.splunk.com/app/1876,Data source object for AWS CloudTrail DeleteWebACL
AWS CloudTrail DescribeEventAggregates,7efe4afe-62ae-4f96-81d1-76598ea37fc2,"Patrick Bareiss, Splunk",aws_cloudtrail,aws:cloudtrail,eventName,Splunk Add-on for Amazon Web Services (AWS),7.4.1,https://splunkbase.splunk.com/app/1876,Data source object for AWS CloudTrail DescribeEventAggregates
AWS CloudTrail DescribeImageScanFindings,688ea789-9ba2-4970-90a2-17e541e273c9,"Patrick Bareiss, Splunk",aws_cloudtrail,aws:cloudtrail,eventName,Splunk Add-on for Amazon Web Services (AWS),7.4.1,https://splunkbase.splunk.com/app/1876,Data source object for AWS CloudTrail DescribeImageScanFindings
AWS CloudTrail GetAccountPasswordPolicy,439bdc53-6e4b-4cd7-b326-86c7317fd396,"Patrick Bareiss, Splunk",aws_cloudtrail,aws:cloudtrail,eventName,Splunk Add-on for Amazon Web Services (AWS),7.4.1,https://splunkbase.splunk.com/app/1876,Data source object for AWS CloudTrail GetAccountPasswordPolicy
AWS CloudTrail GetObject,5063cb10-84c0-44af-ade4-ab9ecad11dfe,"Patrick Bareiss, Splunk",aws_cloudtrail,aws:cloudtrail,eventName,Splunk Add-on for Amazon Web Services (AWS),7.4.1,https://splunkbase.splunk.com/app/1876,Data source object for AWS CloudTrail GetObject
AWS CloudTrail GetPasswordData,6ff2ce99-85b1-4c17-888a-56dbc3570671,"Patrick Bareiss, Splunk",aws_cloudtrail,aws:cloudtrail,eventName,Splunk Add-on for Amazon Web Services (AWS),7.4.1,https://splunkbase.splunk.com/app/1876,Data source object for AWS CloudTrail GetPasswordData
AWS CloudTrail JobCreated,6473289b-d097-4c86-a837-3cc5ae408155,"Patrick Bareiss, Splunk",aws_cloudtrail,aws:cloudtrail,eventName,Splunk Add-on for Amazon Web Services (AWS),7.4.1,https://splunkbase.splunk.com/app/1876,Data source object for AWS CloudTrail JobCreated
AWS CloudTrail ModifyDBInstance,bfa2912d-1a33-4b05-be46-543874d68241,"Patrick Bareiss, Splunk",aws_cloudtrail,aws:cloudtrail,eventName,Splunk Add-on for Amazon Web Services (AWS),7.4.1,https://splunkbase.splunk.com/app/1876,Data source object for AWS CloudTrail ModifyDBInstance
AWS CloudTrail ModifyImageAttribute,667c2115-8082-419e-b541-8150066bda4d,"Patrick Bareiss, Splunk",aws_cloudtrail,aws:cloudtrail,eventName,Splunk Add-on for Amazon Web Services (AWS),7.4.1,https://splunkbase.splunk.com/app/1876,Data source object for AWS CloudTrail ModifyImageAttribute
AWS CloudTrail ModifySnapshotAttribute,7e5aa947-3a0d-4ee5-b800-0c10b555da05,"Patrick Bareiss, Splunk",aws_cloudtrail,aws:cloudtrail,eventName,Splunk Add-on for Amazon Web Services (AWS),7.4.1,https://splunkbase.splunk.com/app/1876,Data source object for AWS CloudTrail ModifySnapshotAttribute
AWS CloudTrail PutBucketAcl,28fffbfd-d98d-4a42-990b-b04ab47422eb,"Patrick Bareiss, Splunk",aws_cloudtrail,aws:cloudtrail,eventName,Splunk Add-on for Amazon Web Services (AWS),7.4.1,https://splunkbase.splunk.com/app/1876,Data source object for AWS CloudTrail PutBucketAcl
AWS CloudTrail PutBucketLifecycle,1c73e954-87b6-4bd7-ac6a-5db7c4082b22,"Patrick Bareiss, Splunk",aws_cloudtrail,aws:cloudtrail,eventName,Splunk Add-on for Amazon Web Services (AWS),7.4.1,https://splunkbase.splunk.com/app/1876,Data source object for AWS CloudTrail PutBucketLifecycle
AWS CloudTrail PutBucketReplication,0e1362eb-e592-419f-8fa5-556d3a122417,"Patrick Bareiss, Splunk",aws_cloudtrail,aws:cloudtrail,eventName,Splunk Add-on for Amazon Web Services (AWS),7.4.1,https://splunkbase.splunk.com/app/1876,Data source object for AWS CloudTrail PutBucketReplication
AWS CloudTrail PutBucketVersioning,17b2fc7d-c8ce-487c-8815-f9a65a09e980,"Patrick Bareiss, Splunk",aws_cloudtrail,aws:cloudtrail,eventName,Splunk Add-on for Amazon Web Services (AWS),7.4.1,https://splunkbase.splunk.com/app/1876,Data source object for AWS CloudTrail PutBucketVersioning
AWS CloudTrail PutImage,bb13f10d-0d8c-4fde-9136-b7cfd930e87c,"Patrick Bareiss, Splunk",aws_cloudtrail,aws:cloudtrail,eventName,Splunk Add-on for Amazon Web Services (AWS),7.4.1,https://splunkbase.splunk.com/app/1876,Data source object for AWS CloudTrail PutImage
AWS CloudTrail PutKeyPolicy,9c54c86b-43b9-4bb8-915d-6838beb7f07c,"Patrick Bareiss, Splunk",aws_cloudtrail,aws:cloudtrail,eventName,Splunk Add-on for Amazon Web Services (AWS),7.4.1,https://splunkbase.splunk.com/app/1876,Data source object for AWS CloudTrail PutKeyPolicy
AWS CloudTrail ReplaceNetworkAclEntry,db0c240e-3754-40e4-86ef-cde018ee9f65,"Patrick Bareiss, Splunk",aws_cloudtrail,aws:cloudtrail,eventName,Splunk Add-on for Amazon Web Services (AWS),7.4.1,https://splunkbase.splunk.com/app/1876,Data source object for AWS CloudTrail ReplaceNetworkAclEntry
AWS CloudTrail SetDefaultPolicyVersion,06e0b5a0-8d36-485e-befc-4ae79d77ef6c,"Patrick Bareiss, Splunk",aws_cloudtrail,aws:cloudtrail,eventName,Splunk Add-on for Amazon Web Services (AWS),7.4.1,https://splunkbase.splunk.com/app/1876,Data source object for AWS CloudTrail SetDefaultPolicyVersion
AWS CloudTrail StopLogging,c5de7c54-4809-4659-bf9f-3bacf8bdfd35,"Patrick Bareiss, Splunk",aws_cloudtrail,aws:cloudtrail,eventName,Splunk Add-on for Amazon Web Services (AWS),7.4.1,https://splunkbase.splunk.com/app/1876,Data source object for AWS CloudTrail StopLogging
AWS CloudTrail UpdateAccountPasswordPolicy,35a8cc97-3600-40e1-a5d1-1c2ad5060be0,"Patrick Bareiss, Splunk",aws_cloudtrail,aws:cloudtrail,eventName,Splunk Add-on for Amazon Web Services (AWS),7.4.1,https://splunkbase.splunk.com/app/1876,Data source object for AWS CloudTrail UpdateAccountPasswordPolicy
AWS CloudTrail UpdateLoginProfile,1db79158-e5d3-4d35-9d3c-586e44e09f1c,"Patrick Bareiss, Splunk",aws_cloudtrail,aws:cloudtrail,eventName,Splunk Add-on for Amazon Web Services (AWS),7.4.1,https://splunkbase.splunk.com/app/1876,Data source object for AWS CloudTrail UpdateLoginProfile
AWS CloudTrail UpdateSAMLProvider,e5eb628d-711e-499c-87d9-8fa5dee419ec,"Patrick Bareiss, Splunk",aws_cloudtrail,aws:cloudtrail,eventName,Splunk Add-on for Amazon Web Services (AWS),7.4.1,https://splunkbase.splunk.com/app/1876,Data source object for AWS CloudTrail UpdateSAMLProvider
AWS CloudTrail UpdateTrail,d5b7a1eb-711a-4c96-aa93-235fe3c8a939,"Patrick Bareiss, Splunk",aws_cloudtrail,aws:cloudtrail,eventName,Splunk Add-on for Amazon Web Services (AWS),7.4.1,https://splunkbase.splunk.com/app/1876,Data source object for AWS CloudTrail UpdateTrail
AWS Security Hub,b02bfbf3-294f-478e-99a1-e24b8c692d7e,"Patrick Bareiss, Splunk",aws_securityhub_finding,aws:securityhub:finding,,Splunk Add-on for Amazon Web Services (AWS),7.4.1,https://splunkbase.splunk.com/app/1876,Data source object for AWS Security Hub
Azure Active Directory,51ca21e5-bda2-4652-bb29-27c7bc18a81c,"Patrick Bareiss, Splunk",Azure AD,azure:monitor:aad,operationName,Splunk Add-on for Microsoft Cloud Services,5.2.2,https://splunkbase.splunk.com/app/3110,Data source object for Azure Active Directory
Azure Active Directory Add app role assignment to service principal,8b2e84cd-6db0-47e9-badc-75c17df1995f,"Patrick Bareiss, Splunk",Azure AD,azure:monitor:aad,operationName,Splunk Add-on for Microsoft Cloud Services,5.2.2,https://splunkbase.splunk.com/app/3110,Data source object for Azure Active Directory Add app role assignment to service principal
Azure Active Directory Add member to role,1660d196-127f-4678-81b2-472d51711b07,"Patrick Bareiss, Splunk",Azure AD,azure:monitor:aad,operationName,Splunk Add-on for Microsoft Cloud Services,5.2.2,https://splunkbase.splunk.com/app/3110,Data source object for Azure Active Directory Add member to role
Azure Active Directory Add owner to application,e895ed56-7be4-4b3a-b782-ecd0f594ec4c,"Patrick Bareiss, Splunk",Azure AD,azure:monitor:aad,operationName,Splunk Add-on for Microsoft Cloud Services,5.2.2,https://splunkbase.splunk.com/app/3110,Data source object for Azure Active Directory Add owner to application
Azure Active Directory Add service principal,fd89d337-e4c0-4162-ad13-bca36f096fe6,"Patrick Bareiss, Splunk",Azure AD,azure:monitor:aad,operationName,Splunk Add-on for Microsoft Cloud Services,5.2.2,https://splunkbase.splunk.com/app/3110,Data source object for Azure Active Directory Add service principal
Azure Active Directory Add unverified domain,d4c01fb1-3b88-46d3-bd12-9b9e256450f7,"Patrick Bareiss, Splunk",Azure AD,azure:monitor:aad,operationName,Splunk Add-on for Microsoft Cloud Services,5.2.2,https://splunkbase.splunk.com/app/3110,Data source object for Azure Active Directory Add unverified domain
Azure Active Directory Consent to application,4c5d6c49-53e3-4980-a4de-c63e26291ed0,"Patrick Bareiss, Splunk",Azure AD,azure:monitor:aad,operationName,Splunk Add-on for Microsoft Cloud Services,5.2.2,https://splunkbase.splunk.com/app/3110,Data source object for Azure Active Directory Consent to application
Azure Active Directory Disable Strong Authentication,8f31966d-c496-496d-8837-f7fd11f31255,"Patrick Bareiss, Splunk",Azure AD,azure:monitor:aad,operationName,Splunk Add-on for Microsoft Cloud Services,5.2.2,https://splunkbase.splunk.com/app/3110,Data source object for Azure Active Directory Disable Strong Authentication
Azure Active Directory Enable account,cb49f3cd-04ad-415c-a5ed-9b27b2829fa7,"Patrick Bareiss, Splunk",Azure AD,azure:monitor:aad,operationName,Splunk Add-on for Microsoft Cloud Services,5.2.2,https://splunkbase.splunk.com/app/3110,Data source object for Azure Active Directory Enable account
Azure Active Directory Invite external user,d3818bd5-f283-4518-8b67-df19240c3e40,"Patrick Bareiss, Splunk",Azure AD,azure:monitor:aad,operationName,Splunk Add-on for Microsoft Cloud Services,5.2.2,https://splunkbase.splunk.com/app/3110,Data source object for Azure Active Directory Invite external user
Azure Active Directory Reset password (by admin),dcd0e4dc-68f8-4b77-a66f-89c57b3afa6b,"Patrick Bareiss, Splunk",Azure AD,azure:monitor:aad,operationName,Splunk Add-on for Microsoft Cloud Services,5.2.2,https://splunkbase.splunk.com/app/3110,Data source object for Azure Active Directory Reset password (by admin)
Azure Active Directory Set domain authentication,e7bcdab9-908c-40ab-ba38-5db54fa87750,"Patrick Bareiss, Splunk",Azure AD,azure:monitor:aad,operationName,Splunk Add-on for Microsoft Cloud Services,5.2.2,https://splunkbase.splunk.com/app/3110,Data source object for Azure Active Directory Set domain authentication
Azure Active Directory Sign-in activity,f9ed0a3a-9e20-4198-a035-d0a29593fbe0,"Patrick Bareiss, Splunk",Azure AD,azure:monitor:aad,operationName,Splunk Add-on for Microsoft Cloud Services,5.2.2,https://splunkbase.splunk.com/app/3110,Data source object for Azure Active Directory Sign-in activity
Azure Active Directory Update application,2c08188a-ba25-496e-87c7-803cf28b6c90,"Patrick Bareiss, Splunk",Azure AD,azure:monitor:aad,operationName,Splunk Add-on for Microsoft Cloud Services,5.2.2,https://splunkbase.splunk.com/app/3110,Data source object for Azure Active Directory Update application
Azure Active Directory Update authorization policy,c5b7ffcd-73d8-4fe5-afd8-b1218d715c0c,"Patrick Bareiss, Splunk",Azure AD,azure:monitor:aad,operationName,Splunk Add-on for Microsoft Cloud Services,5.2.2,https://splunkbase.splunk.com/app/3110,Data source object for Azure Active Directory Update authorization policy
Azure Active Directory Update user,5495c90a-047c-4b8e-b2fe-1db6282d3872,"Patrick Bareiss, Splunk",Azure AD,azure:monitor:aad,operationName,Splunk Add-on for Microsoft Cloud Services,5.2.2,https://splunkbase.splunk.com/app/3110,Data source object for Azure Active Directory Update user
Azure Active Directory User registered security info,b63240de-8a01-4ba8-8987-89d18d4b375d,"Patrick Bareiss, Splunk",Azure AD,azure:monitor:aad,operationName,Splunk Add-on for Microsoft Cloud Services,5.2.2,https://splunkbase.splunk.com/app/3110,Data source object for Azure Active Directory User registered security info
Azure Audit Create or Update an Azure Automation account,2ab182e7-feda-4249-9418-32710b55a885,"Patrick Bareiss, Splunk",mscs:azure:audit,mscs:azure:audit,operationName.localizedValue,Splunk Add-on for Microsoft Cloud Services,5.2.2,https://splunkbase.splunk.com/app/3110,Data source object for Azure Audit Create or Update an Azure Automation account
Azure Audit Create or Update an Azure Automation Runbook,2bd83221-7a8b-436f-9b2b-efa1d44d009e,"Patrick Bareiss, Splunk",mscs:azure:audit,mscs:azure:audit,operationName.localizedValue,Splunk Add-on for Microsoft Cloud Services,5.2.2,https://splunkbase.splunk.com/app/3110,Data source object for Azure Audit Create or Update an Azure Automation Runbook
Azure Audit Create or Update an Azure Automation webhook,575faeb2-09d0-4849-b1f6-eae241f26ff2,"Patrick Bareiss, Splunk",mscs:azure:audit,mscs:azure:audit,operationName.localizedValue,Splunk Add-on for Microsoft Cloud Services,5.2.2,https://splunkbase.splunk.com/app/3110,Data source object for Azure Audit Create or Update an Azure Automation webhook
Bro,c5d9612b-0ffd-44d3-8247-3cf3486ec5e2,"Patrick Bareiss, Splunk",bro:http:json,bro:http:json,,,,,Data source object for Bro
CircleCI,34ad06fc-a296-4ab5-8315-2f07714948e3,"Patrick Bareiss, Splunk",circleci,circleci,,App for CircleCI,0.1.1,https://splunkbase.splunk.com/app/5162,Data source object for CircleCI
CrowdStrike ProcessRollup2,cbb06880-9dd9-4542-ac60-bd6e5d3c3e4e,"Patrick Bareiss, Splunk",crowdstrike,crowdstrike:events:sensor,event_simpleName,CrowdStrike Falcon Event Streams Technical Add-On,3.2.1,https://splunkbase.splunk.com/app/5082,Data source object for CrowdStrike ProcessRollup2
CrushFTP,8a42ace5-e4c8-4653-80cf-1b8e7e6024ef,"Patrick Bareiss, Splunk",crushftp,crushftp:sessionlogs,,,,,Data source object for CrushFTP
G Suite Drive,5f79120f-a235-4468-bd0d-55203758ac22,"Patrick Bareiss, Splunk",http:gsuite,gsuite:drive:json,,Splunk Add-on for Google Workspace,2.6.3,https://splunkbase.splunk.com/app/5556,Data source object for G Suite Drive
G Suite Gmail,706c3978-41de-406b-b6e0-75bd01e12a5d,"Patrick Bareiss, Splunk",http:gsuite,gsuite:gmail:bigquery,,Splunk Add-on for Google Workspace,2.6.3,https://splunkbase.splunk.com/app/5556,Data source object for G Suite Gmail
GitHub,88aa4632-3c3e-43f6-a00a-998d71f558e3,"Patrick Bareiss, Splunk",github,aws:firehose:json,,Splunk Add-on for Github,2.2.1,https://splunkbase.splunk.com/app/6254,Data source object for GitHub
Google Workspace login_failure,cabec7cf-4008-4899-b47e-39c34a9a1255,"Patrick Bareiss, Splunk",gws:reports:admin,gws:reports:admin,event.name,Splunk Add-on for Google Workspace,2.6.3,https://splunkbase.splunk.com/app/5556,Data source object for Google Workspace login_failure
Google Workspace login_success,bffe8013-9cdf-4fe6-9c1b-6784391a4951,"Patrick Bareiss, Splunk",gws:reports:admin,gws:reports:admin,event.name,Splunk Add-on for Google Workspace,2.6.3,https://splunkbase.splunk.com/app/5556,Data source object for Google Workspace login_success
Kubernetes Audit,6c25181a-0c07-4aaf-90e6-77ab1f0e6699,"Patrick Bareiss, Splunk",kubernetes,_json,,,,,Data source object for Kubernetes Audit
Kubernetes Falco,23c0eeed-840a-4711-a41b-6819c1ffbba5,"Patrick Bareiss, Splunk",kubernetes,kube:container:falco,,,,,Data source object for Kubernetes Falco
Linux Secure,9a47d88b-1b17-49ce-a0ef-b440ddbd98bb,"Patrick Bareiss, Splunk",/var/log/secure,linux_secure,,,,,Data source object for Linux Secure
Nginx Access,c716a418-eab3-4df5-9dff-5420174e3068,"Patrick Bareiss, Splunk",/var/log/nginx/access.log,nginx:plus:kv,,,,,Data source object for Nginx Access
O365,b32de97d-0074-4cca-853c-db22c392b6c0,"Patrick Bareiss, Splunk",o365,o365:management:activity,Operation,Splunk Add-on for Microsoft Office 365,4.5.1,https://splunkbase.splunk.com/app/4055,Data source object for O365.
O365 Add app role assignment grant to user.,ce1d7849-a1d2-47fd-b6eb-d7ef854a860c,"Patrick Bareiss, Splunk",o365,o365:management:activity,Operation,Splunk Add-on for Microsoft Office 365,4.5.1,https://splunkbase.splunk.com/app/4055,Data source object for O365 Add app role assignment grant to user.
O365 Add app role assignment to service principal.,785ba57a-ba7b-474e-97c8-9474e6e00b3a,"Patrick Bareiss, Splunk",o365,o365:management:activity,Operation,Splunk Add-on for Microsoft Office 365,4.5.1,https://splunkbase.splunk.com/app/4055,Data source object for O365 Add app role assignment to service principal.
O365 Add-MailboxPermission,9c0babdb-bb15-449e-abba-0a9cdb3fc061,"Patrick Bareiss, Splunk",o365,o365:management:activity,Operation,Splunk Add-on for Microsoft Office 365,4.5.1,https://splunkbase.splunk.com/app/4055,Data source object for O365 Add-MailboxPermission
O365 Add member to role.,8b949f7c-4b5d-404f-9694-d7403c4ec096,"Patrick Bareiss, Splunk",o365,o365:management:activity,Operation,Splunk Add-on for Microsoft Office 365,4.5.1,https://splunkbase.splunk.com/app/4055,Data source object for O365 Add member to role.
O365 Add owner to application.,da012cbf-af6e-40ee-a1ba-32a5f8da8f8a,"Patrick Bareiss, Splunk",o365,o365:management:activity,Operation,Splunk Add-on for Microsoft Office 365,4.5.1,https://splunkbase.splunk.com/app/4055,Data source object for O365 Add owner to application.
O365 Add service principal.,9c1ef9f5-bc30-4a47-a1bd-cb34484ee778,"Patrick Bareiss, Splunk",o365,o365:management:activity,Operation,Splunk Add-on for Microsoft Office 365,4.5.1,https://splunkbase.splunk.com/app/4055,Data source object for O365 Add service principal.
O365 Change user license.,1029a20d-3d0d-4fb9-b5e2-22ac5380b20a,"Patrick Bareiss, Splunk",o365,o365:management:activity,Operation,Splunk Add-on for Microsoft Office 365,4.5.1,https://splunkbase.splunk.com/app/4055,Data source object for O365 Change user license.
O365 Consent to application.,0a15a464-ef51-4614-9a07-a216eb9817db,"Patrick Bareiss, Splunk",o365,o365:management:activity,Operation,Splunk Add-on for Microsoft Office 365,4.5.1,https://splunkbase.splunk.com/app/4055,Data source object for O365 Consent to application.
O365 Disable Strong Authentication.,235381c4-382a-4183-b818-a51c3ce12187,"Patrick Bareiss, Splunk",o365,o365:management:activity,Operation,Splunk Add-on for Microsoft Office 365,4.5.1,https://splunkbase.splunk.com/app/4055,Data source object for O365 Disable Strong Authentication.
O365 MailItemsAccessed,3d5188eb-341a-4b46-9caa-aade4047d027,"Patrick Bareiss, Splunk",o365,o365:management:activity,Operation,Splunk Add-on for Microsoft Office 365,4.5.1,https://splunkbase.splunk.com/app/4055,Data source object for O365 MailItemsAccessed
O365 ModifyFolderPermissions,0a8c1080-68c2-46d7-8324-2e7d97bb6e2f,"Patrick Bareiss, Splunk",o365,o365:management:activity,Operation,Splunk Add-on for Microsoft Office 365,4.5.1,https://splunkbase.splunk.com/app/4055,Data source object for O365 ModifyFolderPermissions
O365 Set Company Information.,06c6d576-f032-41e3-b15d-80a434ce13d8,"Patrick Bareiss, Splunk",o365,o365:management:activity,Operation,Splunk Add-on for Microsoft Office 365,4.5.1,https://splunkbase.splunk.com/app/4055,Data source object for O365 Set Company Information.
O365 Set-Mailbox,db798c5c-928c-4972-bb42-e5f90e35865f,"Patrick Bareiss, Splunk",o365,o365:management:activity,Operation,Splunk Add-on for Microsoft Office 365,4.5.1,https://splunkbase.splunk.com/app/4055,Data source object for O365 Set-Mailbox
O365 Update application.,62159133-911b-4c63-9e30-a6a8c89195ca,"Patrick Bareiss, Splunk",o365,o365:management:activity,Operation,Splunk Add-on for Microsoft Office 365,4.5.1,https://splunkbase.splunk.com/app/4055,Data source object for O365 Update application.
O365 Update authorization policy.,d40e6a20-4d64-404c-8351-2caae8228d34,"Patrick Bareiss, Splunk",o365,o365:management:activity,Operation,Splunk Add-on for Microsoft Office 365,4.5.1,https://splunkbase.splunk.com/app/4055,Data source object for O365 Update authorization policy.
O365 Update user.,a05fd01e-34d9-4233-9089-11272416b531,"Patrick Bareiss, Splunk",o365,o365:management:activity,Operation,Splunk Add-on for Microsoft Office 365,4.5.1,https://splunkbase.splunk.com/app/4055,Data source object for O365 Update user.
O365 UserLoggedIn,ed29c8c4-4053-419c-b133-16abf2a1c4c9,"Patrick Bareiss, Splunk",o365,o365:management:activity,Operation,Splunk Add-on for Microsoft Office 365,4.5.1,https://splunkbase.splunk.com/app/4055,Data source object for O365 UserLoggedIn
O365 UserLoginFailed,6099b33d-d581-43ed-8401-911862590361,"Patrick Bareiss, Splunk",o365,o365:management:activity,Operation,Splunk Add-on for Microsoft Office 365,4.5.1,https://splunkbase.splunk.com/app/4055,Data source object for O365 UserLoginFailed
Okta,ec26febe-e760-4981-bbee-72e107c7b9d2,"Patrick Bareiss, Splunk",Okta,OktaIM2:log,,Splunk Add-on for Okta Identity Cloud,2.2.0,https://splunkbase.splunk.com/app/6553,Data source object for Okta
osquery,7ec4d7c8-c1d0-423a-9169-261f6adb74c0,"Patrick Bareiss, Splunk",osquery,osquery:results,,,,,Data source object for osquery
Palo Alto Network Threat,375c2b0e-d216-41ad-9406-200464595209,"Patrick Bareiss, Splunk",pan:threat,pan:threat,,Palo Alto Networks Add-on for Splunk,8.1.1,https://splunkbase.splunk.com/app/2757,Data source object for Palo Alto Network Threat
Palo Alto Network Traffic,182a83bc-c31a-4817-8c7a-263744cec52a,"Patrick Bareiss, Splunk",screenconnect_palo_traffic,pan:traffic,,Palo Alto Networks Add-on for Splunk,8.1.1,https://splunkbase.splunk.com/app/2757,Data source object for Palo Alto Network Traffic
PingID,17890675-61c1-40bd-a88e-6a8e9e246b43,"Patrick Bareiss, Splunk",XmlWinEventLog:Security,XmlWinEventLog,,,,,Data source object for PingID
Powershell Installed IIS Modules,4f2ccf42-3503-4417-a684-bfccf7f0d7b4,"Patrick Bareiss, Splunk",powershell://AppCmdModules,Pwsh:InstalledIISModules,,,,,Data source object for Powershell Installed IIS Modules
Powershell Script Block Logging 4104,5cfd0c72-d989-47a0-92f9-6edc6f8d3564,"Patrick Bareiss, Splunk",XmlWinEventLog:Microsoft-Windows-PowerShell/Operational,xmlwineventlog,,Splunk Add-on for Microsoft Windows,8.8.0,https://splunkbase.splunk.com/app/742,Data source object for Powershell Script Block Logging 4104
Powershell SIP Inventory,5ef5cb5d-1fa8-4567-b48f-27317662cd73,"Patrick Bareiss, Splunk",powershell://SubjectInterfacePackage,PwSh:SubjectInterfacePackage,,,,,Data source object for Powershell SIP Inventory
Splunk,d8a2c791-460b-4756-a8e5-ecade77b21e3,"Patrick Bareiss, Splunk",splunkd_ui_access.log,splunkd_ui_access,,,,,Data source object for Splunk
Splunk Stream HTTP,b0070a33-92ed-49e5-8f38-576cdf300710,"Patrick Bareiss, Splunk",stream:http,stream:http,,Splunk App for Stream,8.1.1,https://splunkbase.splunk.com/app/1809,Data source object for Splunk Stream HTTP
Splunk Stream IP,c96f5906-f601-4f32-a26c-482535159bc2,"Patrick Bareiss, Splunk",stream:ip,stream:ip,,Splunk App for Stream,8.1.1,https://splunkbase.splunk.com/app/1809,Data source object for Splunk Stream IP
Splunk Stream TCP,4b1233d1-f80a-4da1-ab27-a5b10ea8a4ce,"Patrick Bareiss, Splunk",stream:tcp,stream:tcp,,Splunk App for Stream,8.1.1,https://splunkbase.splunk.com/app/1809,Data source object for Splunk Stream TCP
Suricata,64b245d4-a4d1-4865-a718-c83d3b939f2e,"Patrick Bareiss, Splunk",suricata,suricata,,,,,Data source object for Suricata
Sysmon EventID 1,b375f4d1-d7ca-4bc0-9103-294825c0af17,"Patrick Bareiss, Splunk",XmlWinEventLog:Microsoft-Windows-Sysmon/Operational,xmlwineventlog,EventID,Splunk Add-on for Sysmon,4.0.0,https://splunkbase.splunk.com/app/5709/,Data source object for Sysmon EventID 1
Sysmon EventID 10,659cd5a8-148a-4c59-ade1-05f41ac1b096,"Patrick Bareiss, Splunk",XmlWinEventLog:Microsoft-Windows-Sysmon/Operational,xmlwineventlog,EventID,Splunk Add-on for Sysmon,4.0.0,https://splunkbase.splunk.com/app/5709/,Data source object for Sysmon EventID 10
Sysmon EventID 11,f3db9179-f4f5-416d-bc03-39f4d4ff699e,"Patrick Bareiss, Splunk",XmlWinEventLog:Microsoft-Windows-Sysmon/Operational,xmlwineventlog,EventID,Splunk Add-on for Sysmon,4.0.0,https://splunkbase.splunk.com/app/5709/,Data source object for Sysmon EventID 11
Sysmon EventID 12,3ef28798-8eaa-4fd2-b074-6f36d08a1b33,"Patrick Bareiss, Splunk",XmlWinEventLog:Microsoft-Windows-Sysmon/Operational,xmlwineventlog,EventID,Splunk Add-on for Sysmon,4.0.0,https://splunkbase.splunk.com/app/5709/,Data source object for Sysmon EventID 12
Sysmon EventID 13,19cd00ee-f65f-48ca-bb08-64aac28638ce,"Patrick Bareiss, Splunk",XmlWinEventLog:Microsoft-Windows-Sysmon/Operational,xmlwineventlog,EventID,Splunk Add-on for Sysmon,4.0.0,https://splunkbase.splunk.com/app/5709/,Data source object for Sysmon EventID 13
Sysmon EventID 15,95785e02-93b4-47e2-81f1-be326295348e,"Patrick Bareiss, Splunk",XmlWinEventLog:Microsoft-Windows-Sysmon/Operational,xmlwineventlog,EventID,Splunk Add-on for Sysmon,4.0.0,https://splunkbase.splunk.com/app/5709/,Data source object for Sysmon EventID 15
Sysmon EventID 17,08924246-c8e8-4c95-a9fc-633c43cc82df,"Patrick Bareiss, Splunk",XmlWinEventLog:Microsoft-Windows-Sysmon/Operational,xmlwineventlog,EventID,Splunk Add-on for Sysmon,4.0.0,https://splunkbase.splunk.com/app/5709/,Data source object for Sysmon EventID 17
Sysmon EventID 18,37eb3554-214e-4e66-af10-c3ffc5b8ca82,"Patrick Bareiss, Splunk",XmlWinEventLog:Microsoft-Windows-Sysmon/Operational,xmlwineventlog,EventID,Splunk Add-on for Sysmon,4.0.0,https://splunkbase.splunk.com/app/5709/,Data source object for Sysmon EventID 18
Sysmon EventID 20,aeee5374-3203-4286-b744-a8cc4ad1cd7e,"Patrick Bareiss, Splunk",XmlWinEventLog:Microsoft-Windows-Sysmon/Operational,xmlwineventlog,EventID,Splunk Add-on for Sysmon,4.0.0,https://splunkbase.splunk.com/app/5709/,Data source object for Sysmon EventID 20
Sysmon EventID 21,304384bc-715e-4958-988b-a8051a91349a,"Patrick Bareiss, Splunk",XmlWinEventLog:Microsoft-Windows-Sysmon/Operational,xmlwineventlog,EventID,Splunk Add-on for Sysmon,4.0.0,https://splunkbase.splunk.com/app/5709/,Data source object for Sysmon EventID 21
Sysmon EventID 22,911538b2-eba7-4d3e-85e8-d82d380c37bf,"Patrick Bareiss, Splunk",XmlWinEventLog:Microsoft-Windows-Sysmon/Operational,xmlwineventlog,EventID,Splunk Add-on for Sysmon,4.0.0,https://splunkbase.splunk.com/app/5709/,Data source object for Sysmon EventID 22
Sysmon EventID 23,5ea2721d-f60c-4f48-a047-47d514e327c3,"Patrick Bareiss, Splunk",XmlWinEventLog:Microsoft-Windows-Sysmon/Operational,xmlwineventlog,EventID,Splunk Add-on for Sysmon,4.0.0,https://splunkbase.splunk.com/app/5709/,Data source object for Sysmon EventID 23
Sysmon EventID 3,01d84dff-4e26-422c-9389-6a579ee6e75b,"Patrick Bareiss, Splunk",XmlWinEventLog:Microsoft-Windows-Sysmon/Operational,xmlwineventlog,EventID,Splunk Add-on for Sysmon,4.0.0,https://splunkbase.splunk.com/app/5709/,Data source object for Sysmon EventID 3
Sysmon EventID 5,556471bf-44fa-44e6-97e2-eb25416aeb6d,"Patrick Bareiss, Splunk",XmlWinEventLog:Microsoft-Windows-Sysmon/Operational,xmlwineventlog,EventID,Splunk Add-on for Sysmon,4.0.0,https://splunkbase.splunk.com/app/5709/,Data source object for Sysmon EventID 5
Sysmon EventID 6,eadc297a-c20c-45a1-8fac-74ad54019767,"Patrick Bareiss, Splunk",XmlWinEventLog:Microsoft-Windows-Sysmon/Operational,xmlwineventlog,EventID,Splunk Add-on for Sysmon,4.0.0,https://splunkbase.splunk.com/app/5709/,Data source object for Sysmon EventID 6
Sysmon EventID 7,45512fa5-4d55-4088-9d51-f4dedc16fdff,"Patrick Bareiss, Splunk",XmlWinEventLog:Microsoft-Windows-Sysmon/Operational,xmlwineventlog,EventID,Splunk Add-on for Sysmon,4.0.0,https://splunkbase.splunk.com/app/5709/,Data source object for Sysmon EventID 7
Sysmon EventID 8,df7a786c-ade0-48f0-8596-26f10d169f7d,"Patrick Bareiss, Splunk",XmlWinEventLog:Microsoft-Windows-Sysmon/Operational,xmlwineventlog,EventID,Splunk Add-on for Sysmon,4.0.0,https://splunkbase.splunk.com/app/5709/,Data source object for Sysmon EventID 8
Sysmon EventID 9,ae4a6a24-9b8c-4386-a7ac-677d7ad5bf09,"Patrick Bareiss, Splunk",XmlWinEventLog:Microsoft-Windows-Sysmon/Operational,xmlwineventlog,EventID,Splunk Add-on for Sysmon,4.0.0,https://splunkbase.splunk.com/app/5709/,Data source object for Sysmon EventID 9
Sysmon for Linux EventID 1,93643652-30fe-4941-a1f7-6454f2948660,"Patrick Bareiss, Splunk",Syslog:Linux-Sysmon/Operational,sysmon:linux,EventID,Splunk Add-on for Sysmon for Linux,1.0.0,https://splunkbase.splunk.com/app/6652,Data source object for Sysmon for Linux EventID 1
Sysmon for Linux EventID 11,14672fed-235a-411f-8062-ace9696fb2af,"Patrick Bareiss, Splunk",Syslog:Linux-Sysmon/Operational,sysmon:linux,EventID,Splunk Add-on for Sysmon for Linux,1.0.0,https://splunkbase.splunk.com/app/6652,Data source object for Sysmon for Linux EventID 11
Windows Active Directory Admon,22bbf4e4-d313-43c1-98ee-808b8775519d,"Patrick Bareiss, Splunk",ActiveDirectory,ActiveDirectory,,Splunk Add-on for Microsoft Windows,8.8.0,https://splunkbase.splunk.com/app/742,Data source object for Windows Active Directory Admon
Windows Event Log Application 2282,4490537e-5e0c-46f7-9209-f56f852aa237,"Patrick Bareiss, Splunk",XmlWinEventLog:Application,XmlWinEventLog,EventCode,Splunk Add-on for Microsoft Windows,8.8.0,https://splunkbase.splunk.com/app/742,Data source object for Windows Event Log Application 2282
Windows Event Log Application 3000,3911945d-9222-408d-b851-9b1bce4c2d24,"Patrick Bareiss, Splunk",XmlWinEventLog:Application,XmlWinEventLog,EventCode,Splunk Add-on for Microsoft Windows,8.8.0,https://splunkbase.splunk.com/app/742,Data source object for Windows Event Log Application 3000
Windows Event Log CAPI2 70,821de0a6-c5b4-491b-a27e-187552792817,"Patrick Bareiss, Splunk",XmlWinEventLog:Microsoft-Windows-CAPI2/Operational,xmlwineventlog,EventCode,Splunk Add-on for Microsoft Windows,8.8.0,https://splunkbase.splunk.com/app/742,Data source object for Windows Event Log CAPI2 70
Windows Event Log CAPI2 81,463ff898-8135-4c0e-811e-f8629dfc5027,"Patrick Bareiss, Splunk",XmlWinEventLog:Microsoft-Windows-CAPI2/Operational,xmlwineventlog,EventCode,Splunk Add-on for Microsoft Windows,8.8.0,https://splunkbase.splunk.com/app/742,Data source object for Windows Event Log CAPI2 81
Windows Event Log CertificateServicesClient 1007,c51444e3-479d-4c4a-b111-e8276a3acf39,"Patrick Bareiss, Splunk",XmlWinEventLog:Microsoft-Windows-CertificateServicesClient-Lifecycle-System/Operational,XmlWinEventLog,EventCode,Splunk Add-on for Microsoft Windows,8.8.0,https://splunkbase.splunk.com/app/742,Data source object for Windows Event Log CertificateServicesClient 1007
Windows Event Log Defender 1121,84a254c5-7900-4b52-a324-a176adb7c11d,"Patrick Bareiss, Splunk",WinEventLog:Microsoft-Windows-Windows Defender/Operational,xmlwineventlog,EventCode,Splunk Add-on for Microsoft Windows,8.8.0,https://splunkbase.splunk.com/app/742,Data source object for Windows Event Log Defender 1121
Windows Event Log Defender 1122,4a2d0499-f489-4557-82f4-f357025cf3e7,"Patrick Bareiss, Splunk",WinEventLog:Microsoft-Windows-Windows Defender/Operational,xmlwineventlog,EventCode,Splunk Add-on for Microsoft Windows,8.8.0,https://splunkbase.splunk.com/app/742,Data source object for Windows Event Log Defender 1122
Windows Event Log Defender 1129,0572e119-a48a-4c70-bc58-90e453edacd2,"Patrick Bareiss, Splunk",WinEventLog:Microsoft-Windows-Windows Defender/Operational,xmlwineventlog,EventCode,Splunk Add-on for Microsoft Windows,8.8.0,https://splunkbase.splunk.com/app/742,Data source object for Windows Event Log Defender 1129
Windows Event Log Defender 5007,27f18792-8d95-4871-8853-874b7faf023f,"Patrick Bareiss, Splunk",WinEventLog:Microsoft-Windows-Windows Defender/Operational,xmlwineventlog,EventCode,Splunk Add-on for Microsoft Windows,8.8.0,https://splunkbase.splunk.com/app/742,Data source object for Windows Event Log Defender 5007
Windows Event Log Printservice 316,12f0be8b-22c0-4fdf-9468-b7ccca824d1d,"Patrick Bareiss, Splunk",WinEventLog:Microsoft-Windows-PrintService/Admin,WinEventLog,EventCode,Splunk Add-on for Microsoft Windows,8.8.0,https://splunkbase.splunk.com/app/742,Data source object for Windows Event Log Printservice 316
Windows Event Log Printservice 808,e3a26785-4389-4830-8d7b-3dad4252719e,"Patrick Bareiss, Splunk",WinEventLog:Microsoft-Windows-PrintService/Admin,WinEventLog,EventCode,Splunk Add-on for Microsoft Windows,8.8.0,https://splunkbase.splunk.com/app/742,Data source object for Windows Event Log Printservice 808
Windows Event Log RemoteConnectionManager 1149,08f9edb4-f95f-40be-b1dd-bc3a1cd95aaf,"Patrick Bareiss, Splunk",WinEventLog:Microsoft-Windows-TerminalServices-RemoteConnectionManager/Operational,wineventlog,EventCode,Splunk Add-on for Microsoft Windows,8.8.0,https://splunkbase.splunk.com/app/742,Data source object for Windows Event Log RemoteConnectionManager 1149
Windows Event Log Security 1100,2a25dafa-691e-4cb2-ae59-07a48867ed9a,"Patrick Bareiss, Splunk",XmlWinEventLog:Security,xmlwineventlog,EventCode,Splunk Add-on for Microsoft Windows,8.8.0,https://splunkbase.splunk.com/app/742,Data source object for Windows Event Log Security 1100
Windows Event Log Security 1102,8db7b91a-6d7a-40e7-bfac-06f8e901a9cb,"Patrick Bareiss, Splunk",XmlWinEventLog:Security,xmlwineventlog,EventCode,Splunk Add-on for Microsoft Windows,8.8.0,https://splunkbase.splunk.com/app/742,Data source object for Windows Event Log Security 1102
Windows Event Log Security 4624,08682968-0366-4882-9559-fe4fe018a846,"Patrick Bareiss, Splunk",XmlWinEventLog:Security,xmlwineventlog,EventCode,Splunk Add-on for Microsoft Windows,8.8.0,https://splunkbase.splunk.com/app/742,Data source object for Windows Event Log Security 4624
Windows Event Log Security 4625,365a02c2-7d18-4baf-b76e-d90c20bbe6ed,"Patrick Bareiss, Splunk",XmlWinEventLog:Security,xmlwineventlog,EventCode,Splunk Add-on for Microsoft Windows,8.8.0,https://splunkbase.splunk.com/app/742,Data source object for Windows Event Log Security 4625
Windows Event Log Security 4627,e35c7b9a-b451-4084-95a5-43b7f8965cac,"Patrick Bareiss, Splunk",XmlWinEventLog:Security,xmlwineventlog,EventCode,Splunk Add-on for Microsoft Windows,8.8.0,https://splunkbase.splunk.com/app/742,Data source object for Windows Event Log Security 4627
Windows Event Log Security 4648,6a367f8b-1ee0-463d-94a7-029757c6cd02,"Patrick Bareiss, Splunk",XmlWinEventLog:Security,xmlwineventlog,EventCode,Splunk Add-on for Microsoft Windows,8.8.0,https://splunkbase.splunk.com/app/742,Data source object for Windows Event Log Security 4648
Windows Event Log Security 4662,f3c2cd64-0b5f-4013-8201-35dc03828ec6,"Patrick Bareiss, Splunk",XmlWinEventLog:Security,xmlwineventlog,EventCode,Splunk Add-on for Microsoft Windows,8.8.0,https://splunkbase.splunk.com/app/742,Data source object for Windows Event Log Security 4662
Windows Event Log Security 4663,5d6dca8c-dad9-494f-a321-ef2b0b92fbf4,"Patrick Bareiss, Splunk",XmlWinEventLog:Security,xmlwineventlog,EventCode,Splunk Add-on for Microsoft Windows,8.8.0,https://splunkbase.splunk.com/app/742,Data source object for Windows Event Log Security 4663
Windows Event Log Security 4672,43f189b6-369d-4a32-a34c-57e0d38d92f1,"Patrick Bareiss, Splunk",XmlWinEventLog:Security,xmlwineventlog,EventCode,Splunk Add-on for Microsoft Windows,8.8.0,https://splunkbase.splunk.com/app/742,Data source object for Windows Event Log Security 4672
Windows Event Log Security 4688,d195eb26-a81c-45ed-aeb3-25792e8a985a,"Patrick Bareiss, Splunk",XmlWinEventLog:Security,xmlwineventlog,EventCode,Splunk Add-on for Microsoft Windows,8.8.0,https://splunkbase.splunk.com/app/742,Data source object for Windows Event Log Security 4688
Windows Event Log Security 4698,32c06703-02d3-47ec-8856-b0dc3045866c,"Patrick Bareiss, Splunk",XmlWinEventLog:Security,xmlwineventlog,EventCode,Splunk Add-on for Microsoft Windows,8.8.0,https://splunkbase.splunk.com/app/742,Data source object for Windows Event Log Security 4698
Windows Event Log Security 4699,4727dead-d063-4333-9ddd-59823a416aff,"Patrick Bareiss, Splunk",XmlWinEventLog:Security,xmlwineventlog,EventCode,Splunk Add-on for Microsoft Windows,8.8.0,https://splunkbase.splunk.com/app/742,Data source object for Windows Event Log Security 4699
Windows Event Log Security 4703,e256673b-16e8-4b74-b7aa-9eed6ce67072,"Patrick Bareiss, Splunk",XmlWinEventLog:Security,xmlwineventlog,EventCode,Splunk Add-on for Microsoft Windows,8.8.0,https://splunkbase.splunk.com/app/742,Data source object for Windows Event Log Security 4703
Windows Event Log Security 4719,954033e6-dd05-4775-a1f2-1f19632f4420,"Patrick Bareiss, Splunk",XmlWinEventLog:Security,xmlwineventlog,EventCode,Splunk Add-on for Microsoft Windows,8.8.0,https://splunkbase.splunk.com/app/742,Data source object for Windows Event Log Security 4719
Windows Event Log Security 4720,7ef1c9e5-691b-48c2-811b-eba91d2d2f1d,"Patrick Bareiss, Splunk",XmlWinEventLog:Security,xmlwineventlog,EventCode,Splunk Add-on for Microsoft Windows,8.8.0,https://splunkbase.splunk.com/app/742,Data source object for Windows Event Log Security 4720
Windows Event Log Security 4724,117fe51f-93f8-4589-8e8b-c6b7b7154c7d,"Patrick Bareiss, Splunk",XmlWinEventLog:Security,xmlwineventlog,EventCode,Splunk Add-on for Microsoft Windows,8.8.0,https://splunkbase.splunk.com/app/742,Data source object for Windows Event Log Security 4724
Windows Event Log Security 4725,31fd887d-0d14-44cc-bb64-80063a9f2968,"Patrick Bareiss, Splunk",XmlWinEventLog:Security,xmlwineventlog,EventCode,Splunk Add-on for Microsoft Windows,8.8.0,https://splunkbase.splunk.com/app/742,Data source object for Windows Event Log Security 4725
Windows Event Log Security 4726,0b56dcd7-0f72-4a05-9226-d6059781737b,"Patrick Bareiss, Splunk",XmlWinEventLog:Security,xmlwineventlog,EventCode,Splunk Add-on for Microsoft Windows,8.8.0,https://splunkbase.splunk.com/app/742,Data source object for Windows Event Log Security 4726
Windows Event Log Security 4732,b0d61c5d-aefe-486a-9152-de45cc10fbb4,"Patrick Bareiss, Splunk",XmlWinEventLog:Security,xmlwineventlog,EventCode,Splunk Add-on for Microsoft Windows,8.8.0,https://splunkbase.splunk.com/app/742,Data source object for Windows Event Log Security 4732
Windows Event Log Security 4738,cb85709b-101e-41a9-bb60-d2108f79dfbd,"Patrick Bareiss, Splunk",XmlWinEventLog:Security,xmlwineventlog,EventCode,Splunk Add-on for Microsoft Windows,8.8.0,https://splunkbase.splunk.com/app/742,Data source object for Windows Event Log Security 4738
Windows Event Log Security 4739,c1e0442a-8a97-405d-baf2-057c5d68cd9a,"Patrick Bareiss, Splunk",XmlWinEventLog:Security,xmlwineventlog,EventCode,Splunk Add-on for Microsoft Windows,8.8.0,https://splunkbase.splunk.com/app/742,Data source object for Windows Event Log Security 4739
Windows Event Log Security 4741,ef87257f-e7d1-4856-abae-097b2cfdcdb4,"Patrick Bareiss, Splunk",XmlWinEventLog:Security,xmlwineventlog,EventCode,Splunk Add-on for Microsoft Windows,8.8.0,https://splunkbase.splunk.com/app/742,Data source object for Windows Event Log Security 4741
Windows Event Log Security 4742,ea830adf-5450-489a-bcdc-fb8d2cbe674c,"Patrick Bareiss, Splunk",XmlWinEventLog:Security,xmlwineventlog,EventCode,Splunk Add-on for Microsoft Windows,8.8.0,https://splunkbase.splunk.com/app/742,Data source object for Windows Event Log Security 4742
Windows Event Log Security 4768,4a5fd6ed-66bd-4f34-bc74-51c00c73c298,"Patrick Bareiss, Splunk",XmlWinEventLog:Security,xmlwineventlog,EventCode,Splunk Add-on for Microsoft Windows,8.8.0,https://splunkbase.splunk.com/app/742,Data source object for Windows Event Log Security 4768
Windows Event Log Security 4769,358d5520-f40b-4fa2-b799-966c030cb731,"Patrick Bareiss, Splunk",XmlWinEventLog:Security,xmlwineventlog,EventCode,Splunk Add-on for Microsoft Windows,8.8.0,https://splunkbase.splunk.com/app/742,Data source object for Windows Event Log Security 4769
Windows Event Log Security 4771,418debbb-adf3-48ec-9efd-59d45f8861e5,"Patrick Bareiss, Splunk",XmlWinEventLog:Security,xmlwineventlog,EventCode,Splunk Add-on for Microsoft Windows,8.8.0,https://splunkbase.splunk.com/app/742,Data source object for Windows Event Log Security 4771
Windows Event Log Security 4776,1da9092a-c795-4a26-ace8-d43855524e96,"Patrick Bareiss, Splunk",XmlWinEventLog:Security,xmlwineventlog,EventCode,Splunk Add-on for Microsoft Windows,8.8.0,https://splunkbase.splunk.com/app/742,Data source object for Windows Event Log Security 4776
Windows Event Log Security 4781,9732ffe7-ebce-4557-865c-1725a0f633cb,"Patrick Bareiss, Splunk",XmlWinEventLog:Security,xmlwineventlog,EventCode,Splunk Add-on for Microsoft Windows,8.8.0,https://splunkbase.splunk.com/app/742,Data source object for Windows Event Log Security 4781
Windows Event Log Security 4794,ec7da74f-274a-4bde-aa0e-15c68aca0426,"Patrick Bareiss, Splunk",XmlWinEventLog:Security,xmlwineventlog,EventCode,Splunk Add-on for Microsoft Windows,8.8.0,https://splunkbase.splunk.com/app/742,Data source object for Windows Event Log Security 4794
Windows Event Log Security 4798,29e97f72-eb2e-400e-b0c9-81277547e43b,"Patrick Bareiss, Splunk",XmlWinEventLog:Security,xmlwineventlog,EventCode,Splunk Add-on for Microsoft Windows,8.8.0,https://splunkbase.splunk.com/app/742,Data source object for Windows Event Log Security 4798
Windows Event Log Security 4876,4a78722a-9cd9-44e8-b010-dffad5c7f170,"Patrick Bareiss, Splunk",XmlWinEventLog:Security,xmlwineventlog,EventCode,Splunk Add-on for Microsoft Windows,8.8.0,https://splunkbase.splunk.com/app/742,Data source object for Windows Event Log Security 4876
Windows Event Log Security 4886,c5abd97d-b468-451f-bd65-b4f97efa4ecc,"Patrick Bareiss, Splunk",XmlWinEventLog:Security,xmlwineventlog,EventCode,Splunk Add-on for Microsoft Windows,8.8.0,https://splunkbase.splunk.com/app/742,Data source object for Windows Event Log Security 4886
Windows Event Log Security 4887,994c7b19-a623-4231-9818-f00e453b9a75,"Patrick Bareiss, Splunk",XmlWinEventLog:Security,xmlwineventlog,EventCode,Splunk Add-on for Microsoft Windows,8.8.0,https://splunkbase.splunk.com/app/742,Data source object for Windows Event Log Security 4887
Windows Event Log Security 5136,7ba3737e-231e-455d-824e-cd077749f835,"Patrick Bareiss, Splunk",XmlWinEventLog:Security,xmlwineventlog,EventCode,Splunk Add-on for Microsoft Windows,8.8.0,https://splunkbase.splunk.com/app/742,Data source object for Windows Event Log Security 5136
Windows Event Log Security 5137,64ed7bb1-9c3c-4355-ac08-b506ec3b053e,"Patrick Bareiss, Splunk",XmlWinEventLog:Security,xmlwineventlog,EventCode,Splunk Add-on for Microsoft Windows,8.8.0,https://splunkbase.splunk.com/app/742,Data source object for Windows Event Log Security 5137
Windows Event Log Security 5140,93e0ca09-e4b8-4da6-872a-d0127c4d2b22,"Patrick Bareiss, Splunk",XmlWinEventLog:Security,xmlwineventlog,EventCode,Splunk Add-on for Microsoft Windows,8.8.0,https://splunkbase.splunk.com/app/742,Data source object for Windows Event Log Security 5140
Windows Event Log Security 5141,eafb35fa-f034-4be3-8508-d9173a73c0a1,"Patrick Bareiss, Splunk",XmlWinEventLog:Security,xmlwineventlog,EventCode,Splunk Add-on for Microsoft Windows,8.8.0,https://splunkbase.splunk.com/app/742,Data source object for Windows Event Log Security 5141
Windows Event Log Security 5145,0746479b-7b82-4d7e-8811-0b35da00f798,"Patrick Bareiss, Splunk",XmlWinEventLog:Security,xmlwineventlog,EventCode,Splunk Add-on for Microsoft Windows,8.8.0,https://splunkbase.splunk.com/app/742,Data source object for Windows Event Log Security 5145
Windows Event Log System 4720,f01d4758-05c8-4ac4-a9a5-33500dd5eb6c,"Patrick Bareiss, Splunk",XmlWinEventLog:System,xmlwineventlog,EventCode,Splunk Add-on for Microsoft Windows,8.8.0,https://splunkbase.splunk.com/app/742,Data source object for Windows Event Log System 4720
Windows Event Log System 4726,05e6b2df-b50e-441b-8ac8-565f2e80d62f,"Patrick Bareiss, Splunk",XmlWinEventLog:System,xmlwineventlog,EventCode,Splunk Add-on for Microsoft Windows,8.8.0,https://splunkbase.splunk.com/app/742,Data source object for Windows Event Log System 4726
Windows Event Log System 7036,a6e9b34f-1507-4fa1-a4ba-684d1b676a34,"Patrick Bareiss, Splunk",XmlWinEventLog:System,xmlwineventlog,EventCode,Splunk Add-on for Microsoft Windows,8.8.0,https://splunkbase.splunk.com/app/742,Data source object for Windows Event Log System 7036
Windows Event Log System 7040,91738e9e-d112-41c9-b91b-e5868d8993d9,"Patrick Bareiss, Splunk",XmlWinEventLog:System,xmlwineventlog,EventCode,Splunk Add-on for Microsoft Windows,8.8.0,https://splunkbase.splunk.com/app/742,Data source object for Windows Event Log System 7040
Windows Event Log System 7045,614dedc8-8a14-4393-ba9b-6f093cbcd293,"Patrick Bareiss, Splunk",XmlWinEventLog:System,xmlwineventlog,EventCode,Splunk Add-on for Microsoft Windows,8.8.0,https://splunkbase.splunk.com/app/742,Data source object for Windows Event Log System 7045
Windows Event Log TaskScheduler 200,f8c777f8-e88a-4bba-ae8a-79b250212f23,"Patrick Bareiss, Splunk",WinEventLog:Microsoft-Windows-TaskScheduler/Operational,wineventlog,EventCode,Splunk Add-on for Microsoft Windows,8.8.0,https://splunkbase.splunk.com/app/742,Data source object for Windows Event Log TaskScheduler 200
Windows IIS,469335b3-b6ad-49e2-bbe6-47e15c1464a7,"Patrick Bareiss, Splunk",IIS:Configuration:Operational,IIS:Configuration:Operational,EventID,Splunk Add-on for Microsoft Windows,8.8.0,https://splunkbase.splunk.com/app/742,Data source object for Windows IIS
Windows IIS 29,1d99ddd7-7fec-4dea-bf4f-1f4906142328,"Patrick Bareiss, Splunk",IIS:Configuration:Operational,IIS:Configuration:Operational,EventID,Splunk Add-on for Microsoft Windows,8.8.0,https://splunkbase.splunk.com/app/742,Data source object for Windows IIS 29
