description,remote_domain,remote_utility,remote_utility_fileinfo,remote_appid,isutility,category,comment_reference,last_update
247ithelp.com (ConnectWise),*.247ithelp.com,Remote Workforce Client.exe,,,TRUE,RMM,Simlar / replaced by ScreenConnect,2/8/2024
Absolute (Computrace),*search.namequery.com,rpcnet.exe,Absolute Software*,absolute-manage,TRUE,RMM,https://community.absolute.com/s/article/Understanding-Absolutes-Endpoint-Agents-Rpcnet-CTES-and-search-namequery-com,6/18/2024
Absolute (Computrace),*server.absolute.com,ctes.exe,Absolute Persistence*,,TRUE,RMM,https://community.absolute.com/s/article/Understanding-Absolutes-Endpoint-Agents-Rpcnet-CTES-and-search-namequery-com,6/18/2024
Absolute (Computrace),,ctespersitence.exe,CTES*,,TRUE,RMM,https://community.absolute.com/s/article/Understanding-Absolutes-Endpoint-Agents-Rpcnet-CTES-and-search-namequery-com,6/18/2024
Absolute (Computrace),,cteshostsvc.exe,,,TRUE,RMM,https://community.absolute.com/s/article/Understanding-Absolutes-Endpoint-Agents-Rpcnet-CTES-and-search-namequery-com,6/18/2024
Absolute (Computrace),,rpcld.exe,,,TRUE,RMM,https://community.absolute.com/s/article/Understanding-Absolutes-Endpoint-Agents-Rpcnet-CTES-and-search-namequery-com,6/18/2024
Access Remote PC,,rpcgrab.exe,,,TRUE,RMM,,2/7/2024
Access Remote PC,,rpcsetup.exe,,,TRUE,RMM,,2/7/2024
Acronic Cyber Protect (Remotix),cloud.acronis.com,AcronisCyberProtectConnectQuickAssist*.exe,Acronis Cyber Protect Connect Quick Assist,remotix,TRUE,RMM,https://kb.acronis.com/content/47189,2/26/2024
Acronic Cyber Protect (Remotix),agents*-cloud.acronis.com,AcronisCyberProtectConnectAgent.exe,Acronis Cyber Protect Connect Agent,,TRUE,RMM,https://kb.acronis.com/content/47189,2/26/2024
Acronic Cyber Protect (Remotix),gw.remotix.com,,,,TRUE,RMM,https://kb.acronis.com/content/47189,2/26/2024
Acronic Cyber Protect (Remotix),connect.acronis.com,,,,TRUE,RMM,https://kb.acronis.com/content/47189,2/26/2024
Action1,*.action1.com,action1_agent.exe,Action1*,,TRUE,RMM,https://www.action1.com/documentation/firewall-configuration/,2/7/2024
Action1,action1.com,action1_remote.exe,,,TRUE,RMM,https://www.action1.com/documentation/firewall-configuration/,2/7/2024
Action1,a1-backend-packages.s3.amazonaws.com,action1_connector.exe,,,TRUE,RMM,https://www.action1.com/documentation/firewall-configuration/,2/7/2024
Action1,server.action1.com,action1_update.exe,,,TRUE,RMM,https://www.action1.com/documentation/firewall-configuration/,2/7/2024
Addigy,prod.addigy.com,addigy-*.pkg,Addigy*,,TRUE,RMM,https://addigy.com/,2/27/2024
Addigy,grtmprod.addigy.com,,,,TRUE,RMM,https://addigy.com/,2/27/2024
Addigy,agents.addigy.com,,,,TRUE,RMM,https://addigy.com/,2/27/2024
Adobe Connect,*.adobeconnect.com,ConnectAppSetup*.exe,Adobe Connect,adobe-connect,TRUE,RMM,https://helpx.adobe.com/adobe-connect/firewall-proxy-server-configuration-adobe-connect.html,2/27/2024
Adobe Connect,,ConnectShellSetup*.exe,,adobe-meeting-remote-control,TRUE,RMM,https://helpx.adobe.com/adobe-connect/firewall-proxy-server-configuration-adobe-connect.html,2/27/2024
Adobe Connect,,Connect.exe,,adobe-connectnow,TRUE,RMM,https://helpx.adobe.com/adobe-connect/firewall-proxy-server-configuration-adobe-connect.html,2/27/2024
Adobe Connect,,ConnectDetector.exe,,adobe-connectnow-remote-control,TRUE,RMM,https://helpx.adobe.com/adobe-connect/firewall-proxy-server-configuration-adobe-connect.html,2/27/2024
AeroAdmin,auth*.aeroadmin.com,aeroadmin.exe,AeroAdmin*,aeroadmin,TRUE,RMM,https://support.aeroadmin.com/kb/faq.php?id=58,2/7/2024
AeroAdmin,aeroadmin.com,,Aero Admin*,,TRUE,RMM,https://support.aeroadmin.com/kb/faq.php?id=58,2/7/2024
AliWangWang-remote-control,wangwang.taobao.com,alitask.exe,AliWangWang*,ali-wangwang,TRUE,RMM,https://github.com/KKomarov/AliWangWangEng/blob/master/chs.locale,2/7/2024
AliWangWang-remote-control,,,,ali-wangwang-remote-control,TRUE,RMM,https://github.com/KKomarov/AliWangWangEng/blob/master/chs.locale,2/7/2024
Alpemix,*.alpemix.com,alpemix.exe,Alpemix*,alpemix,TRUE,RMM,https://www.alpemix.com/en/remote-access,2/7/2024
Alpemix,*.teknopars.com,,Teknopars*,,TRUE,RMM,https://www.alpemix.com/en/remote-access,2/7/2024
Ammyy Admin,*ammyy.com,aa_v*.exe,Ammyy*,ammyy-admin,TRUE,RMM,https://www.ammyy.com/en/admin_security.html,2/7/2024
Ammyy Admin,,AMMYY_Admin.exe,,,TRUE,RMM,https://www.ammyy.com/en/admin_security.html,2/7/2024
Any Support,*.anysupport.net,ManualLauncher.exe,AnySupport*,anysupport,TRUE,RMM,https://www.anysupport.net/introduce_howto.php,2/27/2024
Any Support,,,"Koino Co., Ltd.",,TRUE,RMM,https://www.anysupport.net/introduce_howto.php,2/27/2024
AnyDesk,net.anydesk.com,anydesk.exe,anydesk*,anydesk,TRUE,RMM,https://support.anydesk.com/knowledge/firewall,2/7/2024
AnyDesk,,,philandro Software*,anydesk,TRUE,RMM,https://support.anydesk.com/knowledge/firewall,2/7/2024
Anyplace Control,anyplace-control.com,apc_host.exe,Anyplace*,anyplace-remote-control,TRUE,RMM,http://www.anyplace-control.com/anyplace-control/help/faq.htm,2/7/2024
AnyViewer,controlserver.anyviewer.com,AnyViewerSetup.exe,AOMEI*,,TRUE,RMM,https://www.anyviewer.com/how-to/how-to-open-firewall-ports-for-remote-desktop-0427-gc.html,2/7/2024
AnyViewer,*.aomeisoftware.com,RCClient.exe,Anyviewer*,,TRUE,RMM,https://www.anyviewer.com/how-to/how-to-open-firewall-ports-for-remote-desktop-0427-gc.html,2/7/2024
AnyViewer,aomeisoftware.com,RCService.exe,,,TRUE,RMM,https://www.anyviewer.com/how-to/how-to-open-firewall-ports-for-remote-desktop-0427-gc.html,2/7/2024
Apple Remote Desktop,user_managed,ARDAgent.app,,apple-remote-desktop,TRUE,RMM,https://support.apple.com/guide/remote-desktop/install-and-set-up-remote-desktop-apdf49e03a4/mac,2/24/2024
Atera RMM,agent-api.atera.com,atera_agent.exe,Atera Networks,,TRUE,RMM,https://support.atera.com/hc/en-us/articles/360015461139-Firewall-Settings-for-Atera-s-Integrations,2/7/2024
Atera RMM,pubsub.atera.com,ateraagent.exe,AteraAgent,,TRUE,RMM,https://support.atera.com/hc/en-us/articles/360015461139-Firewall-Settings-for-Atera-s-Integrations,2/7/2024
Atera RMM,,syncrosetup.exe,,,TRUE,RMM,https://support.atera.com/hc/en-us/articles/360015461139-Firewall-Settings-for-Atera-s-Integrations,2/7/2024
Auvik,*.my.auvik.com,auvik.engine.exe,,,TRUE,RMM,https://support.auvik.com/hc/en-us/articles/204315700-What-protocols-and-ports-does-the-Auvik-collector-use,2/7/2024
Auvik,*.auvik.com,auvik.agent.exe,,,TRUE,RMM,https://support.auvik.com/hc/en-us/articles/204315700-What-protocols-and-ports-does-the-Auvik-collector-use,2/7/2024
AweRay,asapi*.aweray.net,aweray_remote*.exe,AweRay*,awesun,TRUE,RMM,https://sun.aweray.com/help,2/7/2024
AweRay,client-api.aweray.com,AweSun.exe,AweSun*,,TRUE,RMM,https://sun.aweray.com/help,2/7/2024
Barracuda,*.islonline.net,,Barracuda MSP,,TRUE,RMM,https://help.islonline.com/19799/166125,2/7/2024
Barracuda,rmm.barracudamsp.com,,Barracuda Networks,,TRUE,RMM,https://help.islonline.com/19799/166125,2/7/2024
Barracuda,,,LPI Level Platforms,,TRUE,RMM,https://help.islonline.com/19799/166125,2/7/2024
Basecamp,,,,,TRUE,RMM,basecamp.com - No specific RMM tool listed,2/7/2024
BeamYourScreen,beamyourscreen.com,beamyourscreen.exe,BeamYourScreen*,,TRUE,RMM,beamyourscreen redirects to https://www.mikogo.com/,2/7/2024
BeamYourScreen,*.beamyourscreen.com,beamyourscreen-host.exe,,,TRUE,RMM,beamyourscreen redirects to https://www.mikogo.com/,2/7/2024
BeAnywhere,beanywhere.com,BASupConHelper.exe,,,TRUE,RMM,https://www.shouldiremoveit.com/beanywhere-support-service-40908-program.aspx,2/7/2024
BeAnywhere,*.beanywhere.com,BASupSrvc.exe,,,TRUE,RMM,https://www.shouldiremoveit.com/beanywhere-support-service-40908-program.aspx,2/7/2024
BeAnywhere,,BASupSrvcCnfg.exe,,,TRUE,RMM,https://www.shouldiremoveit.com/beanywhere-support-service-40908-program.aspx,2/7/2024
BeAnywhere,,BASupSrvcUpdater.exe,,,TRUE,RMM,https://www.shouldiremoveit.com/beanywhere-support-service-40908-program.aspx,2/7/2024
BeAnyWhere,,BASupSysInf.exe,,,TRUE,RMM,https://www.shouldiremoveit.com/beanywhere-support-service-40908-program.aspx,2/7/2024
BeAnyWhere,,BASupAppSrvc.exe,,,TRUE,RMM,https://www.shouldiremoveit.com/beanywhere-support-service-40908-program.aspx,2/7/2024
BeAnyWhere,,BASupAppElev.exe,,,TRUE,RMM,https://www.shouldiremoveit.com/beanywhere-support-service-40908-program.aspx,2/7/2024
BeAnyWhere,,BASupApp.exe,,,TRUE,RMM,https://www.shouldiremoveit.com/beanywhere-support-service-40908-program.aspx,2/7/2024
BeAnyWhere,,TakeControl.exe,,,TRUE,RMM,https://www.shouldiremoveit.com/beanywhere-support-service-40908-program.aspx,2/7/2024
BeAnyWhere,,BASupApp.exe,,,TRUE,RMM,https://www.shouldiremoveit.com/beanywhere-support-service-40908-program.aspx,2/7/2024
BeInSync,*.beinsync.net,Beinsync*.exe,BeInSync,beinsync,TRUE,RMM,https://en.wikipedia.org/wiki/Phoenix_Technologies,2/26/2024
BeInSync,*.beinsync.com,,BeInSync Client GUI,,TRUE,RMM,https://en.wikipedia.org/wiki/Phoenix_Technologies,2/26/2024
BeyondTrust (Bomgar),*.beyondtrustcloud.com,bomgar-scc-*.exe,BeyondTrust*,beyond-trust-remote-support,TRUE,RMM,https://www.beyondtrust.com/docs/remote-support/getting-started/deployment/cloud/network.htm,2/7/2024
BeyondTrust (Bomgar),*.bomgarcloud.com,bomgar-scc.exe,Bomgar*,bomgar,TRUE,RMM,https://www.beyondtrust.com/docs/remote-support/getting-started/deployment/cloud/network.htm,2/7/2024
BeyondTrust (Bomgar),bomgarcloud.com,bomgar-pac-*.exe,,,TRUE,RMM,https://www.beyondtrust.com/docs/remote-support/getting-started/deployment/cloud/network.htm,2/7/2024
BeyondTrust (Bomgar),,bomgar-pac.exe,,,TRUE,RMM,https://www.beyondtrust.com/docs/remote-support/getting-started/deployment/cloud/network.htm,2/7/2024
BeyondTrust (Bomgar),,bomgar-rdp.exe,,,TRUE,RMM,https://www.beyondtrust.com/docs/remote-support/getting-started/deployment/cloud/network.htm,2/7/2024
CentraStage (Now Datto),*.rmm.datto.com,CagService.exe,Datto*,,TRUE,RMM,https://rmm.datto.com/help/de/Content/1INTRODUCTION/Requirements/AllowListRequirements.htm,2/7/2024
CentraStage (Now Datto),*cc.centrastage.net,AEMAgent.exe,,,TRUE,RMM,https://rmm.datto.com/help/de/Content/1INTRODUCTION/Requirements/AllowListRequirements.htm,2/7/2024
Centurion,centuriontech.com,ctiserv.exe,,,TRUE,RMM,https://data443.atlassian.net/servicedesk/customer/portal/20,2/7/2024
Chrome Remote Desktop,*remotedesktop.google.com,remote_host.exe,Chrome Remote Desktop,chrome-remote-desktop,TRUE,RMM,https://support.google.com/chrome/a/answer/2799701?hl=en,2/7/2024
Chrome Remote Desktop,*remotedesktop-pa.googleapis.com,remoting_host.exe,,,TRUE,RMM,https://support.google.com/chrome/a/answer/2799701?hl=en,2/7/2024
CloudFlare Tunnel,,cloudflared.exe,,,TRUE,Remote Access,cloudflare.com/products/tunnel/,2/7/2024
Comodo RMM,*.itsm-us1.comodo.com,itsmagent.exe,,,TRUE,RMM,"https://help.itarian.com/topic-459-1-1005-14776-Appendix-1b---Endpoint-Manager-Services---IP-Nos,-Host-Names-and-Port-Details---US-Customers.html",2/7/2024
Comodo RMM,*mdmsupport.comodo.com,rviewer.exe,,,TRUE,RMM,"https://help.itarian.com/topic-459-1-1005-14776-Appendix-1b---Endpoint-Manager-Services---IP-Nos,-Host-Names-and-Port-Details---US-Customers.html",2/7/2024
Connectwise Automate (LabTech),*.hostedrmm.com,ltsvc.exe,,,TRUE,RMM,https://www.connectwise.com/company/announcements/labtech-now-connectwise-automate,2/8/2024
Connectwise Automate (LabTech),,ltsvcmon.exe,,,TRUE,RMM,https://www.connectwise.com/company/announcements/labtech-now-connectwise-automate,2/8/2024
Connectwise Automate (LabTech),,lttray.exe,,,TRUE,RMM,https://www.connectwise.com/company/announcements/labtech-now-connectwise-automate,2/8/2024
CrossLoop,*.crossloop.com,crossloopservice.exe,Crossloop*,crossloop,TRUE,RMM,www.CrossLoop.com -> redirects to avast.com,2/7/2024
CrossLoop,,CrossLoopConnect.exe,,,TRUE,RMM,www.CrossLoop.com -> redirects to avast.com,2/7/2024
CrossLoop,,WinVNCStub.exe,,,TRUE,RMM,www.CrossLoop.com -> redirects to avast.com,2/7/2024
CrossTec Remote Control,user_managed,PCIVIDEO.EXE,CrossTec,,TRUE,RMM,www.crosstecsoftware.com/supporthome.html - domain DOA 2/1/2024,2/7/2024
CrossTec Remote Control,,supporttool.exe,,,TRUE,RMM,www.crosstecsoftware.com/supporthome.html - domain DOA 2/1/2024,2/7/2024
CruzControl,,,,,TRUE,RMM,https://resources.doradosoftware.com/cruz-rmm,2/7/2024
Dameware,user_managed,dntus*.exe,DameWare*,dameware-mini-remote,TRUE,RMM,https://documentation.solarwinds.com/en/success_center/dameware/content/install-standalone-port-requirements.htm,2/7/2024
Dameware,,dwrcs.exe,,,TRUE,RMM,https://documentation.solarwinds.com/en/success_center/dameware/content/install-standalone-port-requirements.htm,2/7/2024
DameWare,,DameWare Remote Support.exe,,,TRUE,RMM,https://documentation.solarwinds.com/en/success_center/dameware/content/install-standalone-port-requirements.htm,2/7/2024
DameWare,,SolarWinds-Dameware-MRC*.exe,,,TRUE,RMM,https://documentation.solarwinds.com/en/success_center/dameware/content/install-standalone-port-requirements.htm,2/7/2024
DameWare,,DameWare Mini Remote Control*.exe,,,TRUE,RMM,https://documentation.solarwinds.com/en/success_center/dameware/content/install-standalone-port-requirements.htm,2/7/2024
DameWare,,SolarWinds-Dameware-DRS*.exe,,,TRUE,RMM,https://documentation.solarwinds.com/en/success_center/dameware/content/install-standalone-port-requirements.htm,2/7/2024
DeskDay,deskday.ai,ultimate_*.exe,,,TRUE,RMM,https://support.deskday.ai/en/articles/8235973-installing-the-end-user-application-ultimate,2/7/2024
DeskDay,app.deskday.ai,,,,TRUE,RMM,https://support.deskday.ai/en/articles/8235973-installing-the-end-user-application-ultimate,2/7/2024
DeskNets,,,,desknets,TRUE,RMM,https://www.desknets.com/en/download.html,2/26/2024
DeskShare,user_managed,TeamTaskManager.exe,Team Task Manager*,deskshare,TRUE,RMM,https://www.deskshare.com/help/fml/Active-and-Passive-connection-mode.aspx,2/26/2024
DeskShare,,DSGuest.exe,DeskShare*,,TRUE,RMM,https://www.deskshare.com/help/fml/Active-and-Passive-connection-mode.aspx,2/26/2024
DesktopNow,*.nchuser.com,desktopnow.exe,DesktopNow*,,TRUE,RMM,https://forums.ivanti.com/s/article/Network-Ports-used-by-Environment-Manager?language=en_US,2/26/2024
DesktopNow,,,NCH Software*,,TRUE,RMM,https://forums.ivanti.com/s/article/Network-Ports-used-by-Environment-Manager?language=en_US,2/26/2024
Distant Desktop,*.distantdesktop.com,distant-desktop.exe,Distant Software*,,TRUE,RMM,https://www.distantdesktop.com/manual/first-start.htm,2/8/2024
Distant Desktop,*signalserver.xyz,dd.exe,Distant Desktop*,,TRUE,RMM,https://www.distantdesktop.com/manual/first-start.htm,2/8/2024
Distant Desktop,,ddsystem.exe,German Gorodokuplya*,,TRUE,RMM,https://www.distantdesktop.com/manual/first-start.htm,2/8/2024
Domotz,*.domotz.co,domotz*.exe,Domotz*,,TRUE,RMM,https://help.domotz.com/tips-tricks/unblock-outgoing-connections-on-firewall/,2/7/2024
Domotz,*cell-1.domotz.com,domotz_bash.exe,,,TRUE,RMM,https://help.domotz.com/tips-tricks/unblock-outgoing-connections-on-firewall/,2/7/2024
Domotz,domotz.com,domotz-windows*.exe,,,TRUE,RMM,https://help.domotz.com/tips-tricks/unblock-outgoing-connections-on-firewall/,2/7/2024
Domotz,,Domotz Pro Desktop App.exe,,,TRUE,RMM,https://help.domotz.com/tips-tricks/unblock-outgoing-connections-on-firewall/,2/7/2024
Domotz,,Domotz Pro Desktop App Setup*.exe,,,TRUE,RMM,https://help.domotz.com/tips-tricks/unblock-outgoing-connections-on-firewall/,2/7/2024
Domotz,,domotz.exe,,,TRUE,RMM,https://help.domotz.com/tips-tricks/unblock-outgoing-connections-on-firewall/,2/7/2024
DW Service,*.dwservice.net,dwagsvc.exe,DWSNET*,dws-remote-control,TRUE,RMM,https://news.dwservice.net/dwservice-security-infrastructure/,2/7/2024
DW Service,,dwagent.exe,,,TRUE,RMM,https://news.dwservice.net/dwservice-security-infrastructure/,2/7/2024
DW Service,,dwagsvc.exe,,,TRUE,RMM,https://news.dwservice.net/dwservice-security-infrastructure/,2/7/2024
Echoware,,echoserver*.exe,,echoware,TRUE,RMM,,2/7/2024
Echoware,,echoware.dll,,,TRUE,RMM,,2/7/2024
Electric AI (Kaseya),,,,,TRUE,RMM,https://www.electric.ai/product/device-management-solutions - Usess Kaseya/jamf,2/7/2024
EMCO Remote Console,user_managed,remoteconsole.exe,,,TRUE,RMM,,2/7/2024
Encapto,,,,,TRUE,RMM,https://www.encapto.com - used to manage Cisco services,2/7/2024
Ericom AccessNow,user_managed,accessserver*.exe,,,TRUE,RMM,https://www.ericom.com/connect-accessnow/,2/7/2024
Ericom Connect,user_managed,EricomConnectRemoteHost*.exe,,,TRUE,RMM,https://www.ericom.com/connect-accessnow/,2/7/2024
Ericom Connect,,ericomconnnectconfigurationtool.exe,,,TRUE,RMM,https://www.ericom.com/connect-accessnow/,2/7/2024
ESET Remote Administrator,user_managed,era.exe,ESET Management*,,TRUE,RMM,eset.com/me/business/remote-management/remote-administrator/,2/7/2024
ESET Remote Administrator,,einstaller.exe,,,TRUE,RMM,eset.com/me/business/remote-management/remote-administrator/,2/7/2024
ESET Remote Administrator,,ezhelp*.exe,,,TRUE,RMM,eset.com/me/business/remote-management/remote-administrator/,2/7/2024
ESET Remote Administrator,,eratool.exe,,,TRUE,RMM,eset.com/me/business/remote-management/remote-administrator/,2/7/2024
ESET Remote Administrator,,ERAAgent.exe,,,TRUE,RMM,eset.com/me/business/remote-management/remote-administrator/,2/7/2024
ezHelp,*.ezhelp.co.kr,ezhelpclientmanager.exe,Mastersoft Corp*,ezhelp,TRUE,RMM,https://www.exhelp.co.kr,2/7/2024
ezHelp,,ezHelpManager.exe,,,TRUE,RMM,https://www.exhelp.co.kr,2/7/2024
ezHelp,,ezhelpclient.exe,,,TRUE,RMM,https://www.exhelp.co.kr,2/7/2024
FastViewer,*.fastviewer.com,fastclient.exe,Fastviewer*,fastviewer,TRUE,RMM,https://fastviewer.com/demo/EN_FastViewer_Server%20Installation%20Configuration.pdf,2/7/2024
FastViewer,,fastmaster.exe,,,TRUE,RMM,https://fastviewer.com/demo/EN_FastViewer_Server%20Installation%20Configuration.pdf,2/7/2024
FastViewer,,FastViewer.exe,,,TRUE,RMM,https://fastviewer.com/demo/EN_FastViewer_Server%20Installation%20Configuration.pdf,2/7/2024
FixMe.it,*.fixme.it,FixMeit Unattended Access Setup.exe,FixMe*,techinline,TRUE,RMM,https://docs.fixme.it/general-questions/which-ports-and-servers-does-fixme-it-use,2/7/2024
FixMe.it,*.techinline.net,TiExpertStandalone.exe,SetMe*,,TRUE,RMM,https://docs.fixme.it/general-questions/which-ports-and-servers-does-fixme-it-use,2/7/2024
FixMe.it,fixme.it,FixMeitClient*.exe,FixMe.IT Helper,,TRUE,RMM,https://docs.fixme.it/general-questions/which-ports-and-servers-does-fixme-it-use,2/7/2024
FixMe.it,*set.me,FixMeit Client.exe,,,TRUE,RMM,https://docs.fixme.it/general-questions/which-ports-and-servers-does-fixme-it-use,2/7/2024
FixMe.it,*setme.net,FixMeit Expert Setup.exe,,,TRUE,RMM,https://docs.fixme.it/general-questions/which-ports-and-servers-does-fixme-it-use,2/7/2024
FixMe.it,,TiExpertCore.exe,,,TRUE,RMM,https://docs.fixme.it/general-questions/which-ports-and-servers-does-fixme-it-use,2/7/2024
FixMe.it,,fixmeitclient.exe,,,TRUE,RMM,https://docs.fixme.it/general-questions/which-ports-and-servers-does-fixme-it-use,2/7/2024
FixMe.it,,TiClientCore.exe,,,TRUE,RMM,https://docs.fixme.it/general-questions/which-ports-and-servers-does-fixme-it-use,2/7/2024
FixMe.it,,TiClientHelper*.exe,,,TRUE,RMM,https://docs.fixme.it/general-questions/which-ports-and-servers-does-fixme-it-use,2/7/2024
FleetDesk.io,*.fleetdeck.io,fleetdeck_agent_svc.exe,FleetDeck*,,TRUE,RMM,https://fleetdeck.io/faq/,2/7/2024
FleetDesk.io,cognito-idp.us-west-2.amazonaws.com,fleetdeck_commander_svc.exe,,,TRUE,RMM,https://fleetdeck.io/faq/,2/7/2024
FleetDesk.io,fleetdeck.io,fleetdeck_installer.exe,,,TRUE,RMM,https://fleetdeck.io/faq/,2/7/2024
FleetDesk.io,,fleetdeck_agent.exe,,,TRUE,RMM,https://fleetdeck.io/faq/,2/7/2024
FleetDesk.io,,fleetdeck_commander_launcher.exe,,,TRUE,RMM,https://fleetdeck.io/faq/,2/7/2024
Fortra,,,,,TRUE,RMM,https://www.fortra.com - No free/cloud RMM softwars listed,2/7/2024
GatherPlace-desktop sharing,*.gatherplace.com,gp3.exe,Gatherworks*,,TRUE,RMM,https://www.gatherplace.com/kb?id=136377,2/7/2024
GatherPlace-desktop sharing,*.gatherplace.net,gp4.exe,,,TRUE,RMM,https://www.gatherplace.com/kb?id=136377,2/7/2024
GatherPlace-desktop sharing,,gp5.exe,,,TRUE,RMM,https://www.gatherplace.com/kb?id=136377,2/7/2024
GetScreen,*.getscreen.me,getscreen.exe,getscreen.me*,,TRUE,RMM,https://docs.getscreen.me/self-hosted/system-requirements/,2/7/2024
GetScreen,getscreen.me,,Point B Ltd*,,TRUE,RMM,https://docs.getscreen.me/self-hosted/system-requirements/,2/7/2024
GoToAssist,goto.com,gotoassist.exe,GoToAssist*,gotoassist,TRUE,RMM,https://help.gotoassist.com/remote-support/help/what-should-i-allow-on-my-firewall-for-gotoassist-remote-support-v5,2/7/2024
GoToAssist,*.getgo.com,g2a*.exe,,,TRUE,RMM,https://help.gotoassist.com/remote-support/help/what-should-i-allow-on-my-firewall-for-gotoassist-remote-support-v5,2/7/2024
GoToAssist,*.fastsupport.com,GoTo Assist Opener.exe,,,TRUE,RMM,https://help.gotoassist.com/remote-support/help/what-should-i-allow-on-my-firewall-for-gotoassist-remote-support-v5,2/7/2024
GoToAssist,*.gotoassist.com,,,,TRUE,RMM,https://help.gotoassist.com/remote-support/help/what-should-i-allow-on-my-firewall-for-gotoassist-remote-support-v5,2/7/2024
GoToAssist,helpme.net,,,,TRUE,RMM,https://help.gotoassist.com/remote-support/help/what-should-i-allow-on-my-firewall-for-gotoassist-remote-support-v5,2/7/2024
GoToAssist,*.gotoassist.me,,,,TRUE,RMM,https://help.gotoassist.com/remote-support/help/what-should-i-allow-on-my-firewall-for-gotoassist-remote-support-v5,2/7/2024
GoToAssist,*.gotoassist.at,,,,TRUE,RMM,https://help.gotoassist.com/remote-support/help/what-should-i-allow-on-my-firewall-for-gotoassist-remote-support-v5,2/7/2024
GoToAssist,*.desktopstreaming.com,,,,TRUE,RMM,https://help.gotoassist.com/remote-support/help/what-should-i-allow-on-my-firewall-for-gotoassist-remote-support-v5,2/7/2024
GotoHTTP,gotohttp.com,gotohttp.exe,GotoHTTP*,,TRUE,RMM,https://gotohttp.com/goto/help.12x,2/8/2024
GotoHTTP,*.gotohttp.com,GotoHTTP_x64.exe,Pingbo*,,TRUE,RMM,https://gotohttp.com/goto/help.12x,2/8/2024
GoToMyPC,*.GoToMyPC.com,g2file*.exe,GoTo Opener,gotomypc,TRUE,RMM,https://support.logmeininc.com/gotomypc/help/what-are-the-optimal-firewall-configurations#,2/8/2024
GoToMyPC,,g2quick.exe,GoToOpener,gotomypc-base,TRUE,RMM,https://support.logmeininc.com/gotomypc/help/what-are-the-optimal-firewall-configurations#,2/8/2024
GoToMyPC,,g2svc.exe,,gotomypc-desktop-sharing,TRUE,RMM,https://support.logmeininc.com/gotomypc/help/what-are-the-optimal-firewall-configurations#,2/8/2024
GoToMyPC,,g2tray.exe,,gotomypc-remote-control,TRUE,RMM,https://support.logmeininc.com/gotomypc/help/what-are-the-optimal-firewall-configurations#,2/8/2024
GoToMyPC,,g2svc.exe,,gotomypc-printing,TRUE,RMM,https://support.logmeininc.com/gotomypc/help/what-are-the-optimal-firewall-configurations#,2/8/2024
GoToMyPC,,g2printh.exe,,,TRUE,RMM,https://support.logmeininc.com/gotomypc/help/what-are-the-optimal-firewall-configurations#,2/8/2024
GoToMyPC,,g2fileh.exe,,,TRUE,RMM,https://support.logmeininc.com/gotomypc/help/what-are-the-optimal-firewall-configurations#,2/8/2024
GoToMyPC,,g2tray.exe,,,TRUE,RMM,https://support.logmeininc.com/gotomypc/help/what-are-the-optimal-firewall-configurations#,2/8/2024
GoToMyPC,,gopcsrv.exe,,,TRUE,RMM,https://support.logmeininc.com/gotomypc/help/what-are-the-optimal-firewall-configurations#,2/8/2024
GoToMyPC,,g2host.exe,,,TRUE,RMM,https://support.logmeininc.com/gotomypc/help/what-are-the-optimal-firewall-configurations#,2/8/2024
GoToMyPC,,g2comm.exe,,,TRUE,RMM,https://support.logmeininc.com/gotomypc/help/what-are-the-optimal-firewall-configurations#,2/8/2024
GoToMyPC,,g2mainh.exe,,,TRUE,RMM,https://support.logmeininc.com/gotomypc/help/what-are-the-optimal-firewall-configurations#,2/8/2024
Goverlan,user_managed,goverrmc.exe,Goverlan*,goverlan,TRUE,RMM,https://www.goverlan.com/pdf/Goverlan-Remote-Control-Software.pdf,2/8/2024
Goverlan,,govsrv*.exe,,,TRUE,RMM,https://www.goverlan.com/pdf/Goverlan-Remote-Control-Software.pdf,2/8/2024
Goverlan,,GovAgentInstallHelper.exe,,,TRUE,RMM,https://www.goverlan.com/pdf/Goverlan-Remote-Control-Software.pdf,2/8/2024
Goverlan,,GovAgentx64.exe,,,TRUE,RMM,https://www.goverlan.com/pdf/Goverlan-Remote-Control-Software.pdf,2/8/2024
Goverlan,,GovReachClient.exe,,,TRUE,RMM,https://www.goverlan.com/pdf/Goverlan-Remote-Control-Software.pdf,2/8/2024
Guacamole,user_managed,guacd.exe,,,TRUE,RMM,guacamole.apache.org,2/8/2024
HelpBeam,,helpbeam*.exe,,,TRUE,RMM,https://www.helpbeam.com domain for sale in 2024,2/8/2024
HelpU,helpu.co.kr,helpu_install.exe,helpU*,helpu,TRUE,RMM,https://helpu.co.kr/,2/8/2024
HelpU,*.helpu.co.kr,HelpuUpdater.exe,Help Manager Program,,TRUE,RMM,https://helpu.co.kr/,2/8/2024
HelpU,,HelpuManager.exe,,,TRUE,RMM,https://helpu.co.kr/,2/8/2024
I'm InTouch,*.01com.com,iit.exe,I'm InTouch*,,TRUE,RMM,https://www.01com.com/mobile/imintouch-remote-pc-desktop/faqs/remote-access/,2/8/2024
I'm InTouch,,intouch.exe,,,TRUE,RMM,https://www.01com.com/mobile/imintouch-remote-pc-desktop/faqs/remote-access/,2/8/2024
I'm InTouch,,I'm InTouch Go Installer.exe,,,TRUE,RMM,https://www.01com.com/mobile/imintouch-remote-pc-desktop/faqs/remote-access/,2/8/2024
Instant Housecall,*.instanthousecall.com,hsloader.exe,,,TRUE,RMM,https://instanthousecall.com/features/,2/8/2024
Instant Housecall,*.instanthousecall.net,ihcserver.exe,,,TRUE,RMM,https://instanthousecall.com/features/,2/8/2024
Instant Housecall,instanthousecall.com,instanthousecall.exe,,,TRUE,RMM,https://instanthousecall.com/features/,2/8/2024
Instant Housecall,secure.instanthousecall.com,instanthousecall.exe,,,TRUE,RMM,https://instanthousecall.com/features/,2/8/2024
IntelliAdmin Remote Control,user_managed,iadmin.exe,,,TRUE,RMM,intelliadmin.com/remote-control,2/8/2024
IntelliAdmin Remote Control,*.intelliadmin.com,intelliadmin.exe,,,TRUE,RMM,intelliadmin.com/remote-control,2/8/2024
IntelliAdmin Remote Control,,agent32.exe,,,TRUE,RMM,intelliadmin.com/remote-control,2/8/2024
IntelliAdmin Remote Control,,agent64.exe,,,TRUE,RMM,intelliadmin.com/remote-control,2/8/2024
IntelliAdmin Remote Control,,agent_setup_5.exe,,,TRUE,RMM,intelliadmin.com/remote-control,2/8/2024
Iperius Remote,*.iperiusremote.com,iperius.exe,Enter Srl*,,TRUE,RMM,https://www.iperiusremote.com/download-iperius-remote-desktop-windows.aspx,2/8/2024
Iperius Remote,*.iperius.com,iperiusremote.exe,Enter S.R.L*,,TRUE,RMM,https://www.iperiusremote.com/download-iperius-remote-desktop-windows.aspx,2/8/2024
Iperius Remote,*.iperius-rs.com,,Iperius Remote*,,TRUE,RMM,https://www.iperiusremote.com/download-iperius-remote-desktop-windows.aspx,2/8/2024
ISL Online,*.islonline.com,islalwaysonmonitor.exe,ISL Online*,isl-light,TRUE,RMM,https://help.islonline.com/19818/165940,2/8/2024
ISL Online,*.islonline.net,isllight.exe,ISL Light*,,TRUE,RMM,https://help.islonline.com/19818/165940,2/8/2024
ISL Online,,isllightservice.exe,,,TRUE,RMM,https://help.islonline.com/19818/165940,2/8/2024
ISL Online,,ISLLightClient.exe,,,TRUE,RMM,https://help.islonline.com/19818/165940,2/8/2024
Itarian,*.itsm-us1.comodo.com,ITSMAgent.exe,Itarian*,,TRUE,RMM,"https://help.itarian.com/topic-459-1-1005-14776-Appendix-1b---Endpoint-Manager-Services---IP-Nos,-Host-Names-and-Port-Details---US-Customers.html",2/8/2024
Itarian,mdmsupport.comodo.com,ItsmRsp.exe,RMM*,,TRUE,RMM,"https://help.itarian.com/topic-459-1-1005-14776-Appendix-1b---Endpoint-Manager-Services---IP-Nos,-Host-Names-and-Port-Details---US-Customers.html",2/8/2024
Itarian,*.cmdm.comodo.com,ITSMService.exe,,,TRUE,RMM,"https://help.itarian.com/topic-459-1-1005-14776-Appendix-1b---Endpoint-Manager-Services---IP-Nos,-Host-Names-and-Port-Details---US-Customers.html",2/8/2024
Itarian,remoteaccess.itarian.com,RDesktop.exe,,,TRUE,RMM,"https://help.itarian.com/topic-459-1-1005-14776-Appendix-1b---Endpoint-Manager-Services---IP-Nos,-Host-Names-and-Port-Details---US-Customers.html",2/8/2024
Itarian,servicedesk.itarian.com,RHost.exe,,,TRUE,RMM,"https://help.itarian.com/topic-459-1-1005-14776-Appendix-1b---Endpoint-Manager-Services---IP-Nos,-Host-Names-and-Port-Details---US-Customers.html",2/8/2024
Itarian,,RmmService.exe,,,TRUE,RMM,"https://help.itarian.com/topic-459-1-1005-14776-Appendix-1b---Endpoint-Manager-Services---IP-Nos,-Host-Names-and-Port-Details---US-Customers.html",2/8/2024
Itarian,,ComodoRemoteControl.exe,,,TRUE,RMM,"https://help.itarian.com/topic-459-1-1005-14776-Appendix-1b---Endpoint-Manager-Services---IP-Nos,-Host-Names-and-Port-Details---US-Customers.html",2/8/2024
Itarian,,RAccess.exe,,,TRUE,RMM,"https://help.itarian.com/topic-459-1-1005-14776-Appendix-1b---Endpoint-Manager-Services---IP-Nos,-Host-Names-and-Port-Details---US-Customers.html",2/8/2024
Itarian,,RViewer.exe,,,TRUE,RMM,"https://help.itarian.com/topic-459-1-1005-14776-Appendix-1b---Endpoint-Manager-Services---IP-Nos,-Host-Names-and-Port-Details---US-Customers.html",2/8/2024
Itarian,,ITarianRemoteAccessSetup.exe,,,TRUE,RMM,"https://help.itarian.com/topic-459-1-1005-14776-Appendix-1b---Endpoint-Manager-Services---IP-Nos,-Host-Names-and-Port-Details---US-Customers.html",2/8/2024
ITSupport247 (ConnectWise),*.itsupport247.net,saazapsc.exe,,,TRUE,RMM,https://control.itsupport247.net/,2/8/2024
Ivanti Remote Control,*.ivanticloud.com,IvantiRemoteControl.exe,,,TRUE,RMM,https://rc1.ivanticloud.com/,2/9/2024
Ivanti Remote Control,,ArcUI.exe,,,TRUE,RMM,https://rc1.ivanticloud.com/,2/9/2024
Ivanti Remote Control,,AgentlessRC.exe,,,TRUE,RMM,https://rc1.ivanticloud.com/,2/9/2024
Jump Cloud,*.api.jumpcloud.com,JumpCloud*.exe ,JumpCloud*,,TRUE,RMM,https://jumpcloud.com/support/understand-remote-assist-agent,2/26/2024
Jump Cloud,*.assist.jumpcloud.com,,,,TRUE,RMM,https://jumpcloud.com/support/understand-remote-assist-agent,2/26/2024
Jump Desktop,*.jumpdesktop.com,jumpclient.exe,,jumpdesktop,TRUE,RMM,https://support.jumpdesktop.com/hc/en-us/articles/360042490351-Administrators-Guide-For-Jump-Desktop-Connect,2/9/2024
Jump Desktop,jumpdesktop.com,jumpdesktop.exe,,,TRUE,RMM,https://jumpdesktop.com/connect/,2/8/2024
Jump Desktop,jumpto.me,jumpservice.exe,,,TRUE,RMM,https://jumpdesktop.com/connect/,2/8/2024
Jump Desktop,*.jumpto.me,jumpconnect.exe,,,TRUE,RMM,https://jumpdesktop.com/connect/,2/8/2024
Jump Desktop,,jumpupdater.exe,,,TRUE,RMM,https://jumpdesktop.com/connect/,2/8/2024
Kabuto,*.kabuto.io,Kabuto.App.Runner.exe,,,TRUE,RMM,https://www.repairtechsolutions.com/documentation/kabuto/,2/8/2024
Kaseya (VSA),deploy01.kaseya.com,agentmon.exe,Kaseya*,,TRUE,RMM,https://helpdesk.kaseya.com/hc/en-gb/articles/229012608-Software-Deployment-URL-Port-Requirements,2/8/2024
Kaseya (VSA),*managedsupport.kaseya.net,KaUpdHlp.exe,,,TRUE,RMM,https://helpdesk.kaseya.com/hc/en-gb/articles/229012608-Software-Deployment-URL-Port-Requirements,2/8/2024
Kaseya (VSA),*.kaseya.net,KaUsrTsk.exe,,,TRUE,RMM,https://helpdesk.kaseya.com/hc/en-gb/articles/229012608-Software-Deployment-URL-Port-Requirements,2/8/2024
KHelpDesk,*.khelpdesk.com.br,KHelpDesk.exe,KHELPDESK*,khelpdesk-remote-control,TRUE,RMM,https://www.khelpdesk.com.br/en-us,2/26/2024
KHelpDesk,,,Ferramenta de Acesso Remoto,,TRUE,RMM,https://www.khelpdesk.com.br/en-us,2/26/2024
KickIdler,kickidler.com,grabberEM.*msi,,,TRUE,RMM,https://www.kickidler.com/for-it/faq/,2/8/2024
KickIdler,my.kickidler.com,grabberTT*.msi,,,TRUE,RMM,https://www.kickidler.com/for-it/faq/,2/8/2024
LANDesk,*.ivanticloud.com,issuser.exe,,,TRUE,RMM,https://forums.ivanti.com/s/article/URL-exception-list-for-Ivanti-Security-Controls?language=en_US,2/8/2024
LANDesk,*.ivanti.com,landeskagentbootstrap.exe,,,TRUE,RMM,https://forums.ivanti.com/s/article/URL-exception-list-for-Ivanti-Security-Controls?language=en_US,2/8/2024
LANDesk,,LANDeskPortalManager.exe,,,TRUE,RMM,https://forums.ivanti.com/s/article/URL-exception-list-for-Ivanti-Security-Controls?language=en_US,2/8/2024
LANDesk,,ldinv32.exe,,,TRUE,RMM,https://forums.ivanti.com/s/article/URL-exception-list-for-Ivanti-Security-Controls?language=en_US,2/8/2024
LANDesk,,ldsensors.exe,,,TRUE,RMM,https://forums.ivanti.com/s/article/URL-exception-list-for-Ivanti-Security-Controls?language=en_US,2/8/2024
Laplink Everywhere,everywhere.laplink.com,laplink.exe,,,TRUE,RMM,https://everywhere.laplink.com/docs,2/8/2024
Laplink Everywhere,le.laplink.com,laplink-everywhere-setup*.exe,,,TRUE,RMM,https://everywhere.laplink.com/docs,2/8/2024
Laplink Everywhere,atled.syspectr.com,laplinkeverywhere.exe,,,TRUE,RMM,https://everywhere.laplink.com/docs,2/8/2024
Laplink Everywhere,,llrcservice.exe,,,TRUE,RMM,https://everywhere.laplink.com/docs,2/8/2024
Laplink Everywhere,,serverproxyservice.exe,,,TRUE,RMM,https://everywhere.laplink.com/docs,2/8/2024
Laplink Everywhere,,OOSysAgent.exe,,,TRUE,RMM,https://everywhere.laplink.com/docs,2/8/2024
Laplink Gold,user_managed,tsircusr.exe,,,TRUE,RMM,wen.laplink.com/product/laplink-gold,2/8/2024
Level.io,level.io,level-windows-amd64.exe,Level*,,TRUE,RMM,https://docs.level.io/1.0/admin-guides/troubleshooting-agent-issues,2/8/2024
Level.io,*.level.io,level.exe,,,TRUE,RMM,https://docs.level.io/1.0/admin-guides/troubleshooting-agent-issues,2/8/2024
Level.io,,level-remote-control-ffmpeg.exe,,,TRUE,RMM,https://docs.level.io/1.0/admin-guides/troubleshooting-agent-issues,2/8/2024
LiteManager,*.litemanager.ru,romfusclient.exe,Yakhnovets Denis*,litemanager,TRUE,RMM,https://www.litemanager.com/articles/LiteManager_remote_access_to_a_desktop_via_the_Internet_or_LAN/,2/8/2024
LiteManager,*.litemanager.com,romviewer.exe,ROMServer*,,TRUE,RMM,https://www.litemanager.com/articles/LiteManager_remote_access_to_a_desktop_via_the_Internet_or_LAN/,2/8/2024
LiteManager,,romserver.exe,ROMViewer*,,TRUE,RMM,https://www.litemanager.com/articles/LiteManager_remote_access_to_a_desktop_via_the_Internet_or_LAN/,2/8/2024
LiteManager,,lmnoipserver.exe,LiteManager*,,TRUE,RMM,https://www.litemanager.com/articles/LiteManager_remote_access_to_a_desktop_via_the_Internet_or_LAN/,2/8/2024
LogMeIn,*logmein.eu,lmiguardiansvc.exe,LogMeIn*,logmein,TRUE,RMM,https://support.logmeininc.com/central/help/allowlisting-and-firewall-configuration,2/8/2024
LogMeIn,*.logmeininc.com,lmiignition.exe,RemotelyAnywhere*,,TRUE,RMM,https://support.logmeininc.com/central/help/allowlisting-and-firewall-configuration,2/8/2024
LogMeIn,*.logmein.com,logmein.exe,,,TRUE,RMM,https://support.logmeininc.com/central/help/allowlisting-and-firewall-configuration,2/8/2024
LogMeIn,,logmeinsystray.exe,,,TRUE,RMM,https://support.logmeininc.com/central/help/allowlisting-and-firewall-configuration,2/8/2024
LogMeIn,,logmein*.exe,,,TRUE,RMM,https://support.logmeininc.com/central/help/allowlisting-and-firewall-configuration,2/8/2024
LogMeIn,,lmiignition.exe,,,TRUE,RMM,https://support.logmeininc.com/central/help/allowlisting-and-firewall-configuration,2/8/2024
LogMeIn rescue,*.logmeinrescue.com,support-logmeinrescue*.exe,,logmeinrescue,TRUE,RMM,https://support.logmeinrescue.com/rescue/help/allowlisting-and-rescue,2/8/2024
LogMeIn rescue,*.logmeinrescue.eu,support-logmeinrescue.exe,,,TRUE,RMM,https://support.logmeinrescue.com/rescue/help/allowlisting-and-rescue,2/8/2024
LogMeIn rescue,,lmi_rescue.exe,,,TRUE,RMM,https://support.logmeinrescue.com/rescue/help/allowlisting-and-rescue,2/8/2024
Manage Engine (Desktop Central),desktopcentral.manageengine.com,dcagentservice.exe,,,TRUE,RMM,https://www.manageengine.com/products/desktop-central/help/domains-required-for-agent-communication.html,2/8/2024
Manage Engine (Desktop Central),desktopcentral.manageengine.com.eu,dcagentregister.exe,,,TRUE,RMM,https://www.manageengine.com/products/desktop-central/help/domains-required-for-agent-communication.html,2/8/2024
Manage Engine (Desktop Central),desktopcentral.manageengine.cn,,,,TRUE,RMM,https://www.manageengine.com/products/desktop-central/help/domains-required-for-agent-communication.html,2/8/2024
Manage Engine (Desktop Central),*.dms.zoho.com,,,,TRUE,RMM,https://www.manageengine.com/products/desktop-central/help/domains-required-for-agent-communication.html,2/8/2024
Manage Engine (Desktop Central),*.dms.zoho.com.eu,,,,TRUE,RMM,https://www.manageengine.com/products/desktop-central/help/domains-required-for-agent-communication.html,2/8/2024
Manage Engine (Desktop Central),*.-dms.zoho.com.cn,,,,TRUE,RMM,https://www.manageengine.com/products/desktop-central/help/domains-required-for-agent-communication.html,2/8/2024
MeshCentral,user_managed,meshcentral*.exe,meshcentral,,TRUE,RMM,https://ylianst.github.io/MeshCentral/meshcentral/,2/8/2024
Microsoft Quick Assist,user_managed,quickassist.exe,,ms-quick-assist,TRUE,Built-in,https://support.microsoft.com/en-us/windows/install-quick-assist-c17479b7-a49d-4d12-938c-dbfb97c88bca,2/9/2024
Microsoft RDP,,mstsc.exe,,ms-rdp,TRUE,Built-in,https://learn.microsoft.com/en-us/windows-server/remote/remote-desktop-services/clients/windows,2/8/2024
Microsoft TSC,,termsrv.exe,,,TRUE,Built-in,https://learn.microsoft.com/en-us/troubleshoot/windows-server/remote/terminal-server-startup-connection-application,2/8/2024
Mikogo,*.real-time-collaboration.com,mikogo.exe,,,TRUE,RMM,https://mikogo.zendesk.com/hc/en-us/articles/214072478-Which-IP-addresses-do-we-use-for-our-services,2/7/2024
Mikogo,*.mikogo4.com,mikogo-starter.exe,,,TRUE,RMM,https://mikogo.zendesk.com/hc/en-us/articles/214072478-Which-IP-addresses-do-we-use-for-our-services,2/7/2024
Mikogo,*.mikogo.com,mikogo-service.exe,,,TRUE,RMM,https://mikogo.zendesk.com/hc/en-us/articles/214072478-Which-IP-addresses-do-we-use-for-our-services,2/7/2024
Mikogo,,mikogolauncher.exe,,,TRUE,RMM,https://mikogo.zendesk.com/hc/en-us/articles/214072478-Which-IP-addresses-do-we-use-for-our-services,2/7/2024
MioNet (WD Anywhere Access),,mionet.exe,,,TRUE,RMM,https://en.wikipedia.org/wiki/WD_Anywhere_Access - DOA as of 2016,2/9/2024
MioNet (WD Anywhere Access),,mionetmanager.exe,,,TRUE,RMM,https://en.wikipedia.org/wiki/WD_Anywhere_Access - DOA as of 2016,2/9/2024
mRemoteNG,user_managed,mRemoteNG.exe,,,TRUE,RMM,https://github.com/mRemoteNG/mRemoteNG,2/9/2024
MSP360,*.cloudberrylab.com,Online Backup.exe,MSP360*,,TRUE,RMM,https://kb.msp360.com/managed-backup-service/mbs-tcp-ports-configuration#,2/9/2024
MSP360,*.msp360.com,CBBackupPlan.exe,Cloud.Ra*,,TRUE,RMM,https://kb.msp360.com/managed-backup-service/mbs-tcp-ports-configuration#,2/9/2024
MSP360,*.mspbackups.com,Cloud.Backup.Scheduler.exe,,,TRUE,RMM,https://kb.msp360.com/managed-backup-service/mbs-tcp-ports-configuration#,2/9/2024
MSP360,,Cloud.Backup.RM.Service.exe,,,TRUE,RMM,https://kb.msp360.com/managed-backup-service/mbs-tcp-ports-configuration#,2/9/2024
MSP360,,cbb.exe,,,TRUE,RMM,https://kb.msp360.com/managed-backup-service/mbs-tcp-ports-configuration#,2/9/2024
MSP360,,CloudRaService.exe,,,TRUE,RMM,https://kb.msp360.com/managed-backup-service/mbs-tcp-ports-configuration#,2/9/2024
MSP360,,CloudRaSd.exe,,,TRUE,RMM,https://kb.msp360.com/managed-backup-service/mbs-tcp-ports-configuration#,2/9/2024
MSP360,,CloudRaCmd.exe,,,TRUE,RMM,https://kb.msp360.com/managed-backup-service/mbs-tcp-ports-configuration#,2/9/2024
MSP360,,CloudRaUtilities.exe,,,TRUE,RMM,https://kb.msp360.com/managed-backup-service/mbs-tcp-ports-configuration#,2/9/2024
MSP360,,Remote Desktop.exe,,,TRUE,RMM,https://kb.msp360.com/managed-backup-service/mbs-tcp-ports-configuration#,2/9/2024
MSP360,,Connect.exe,,,TRUE,RMM,https://kb.msp360.com/managed-backup-service/mbs-tcp-ports-configuration#,2/9/2024
MyGreenPC,*mygreenpc.com,mygreenpc.exe,,mygreenpc,TRUE,RMM,http://www.mygreenpc.com/,2/26/2024
MyIVO,,myivomgr.exe,,,TRUE,RMM,myivo.com - DOA as of 2024,2/9/2024
MyIVO,,myivomanager.exe,,,TRUE,RMM,myivo.com - DOA as of 2024,2/9/2024
N-Able Advanced Monitoring Agent,*remote.management,Agent_*_RW.exe,N-Able*,,TRUE,RMM,https://documentation.n-able.com/takecontrol/troubleshooting/Content/kb/Take-Control-Standalone-Ports-and-Domains-Firewall-and-AV-Exclusions.htm,2/9/2024
N-Able Advanced Monitoring Agent,*.logicnow.com,BASEClient.exe,Remote Monitoring*,,TRUE,RMM,https://documentation.n-able.com/takecontrol/troubleshooting/Content/kb/Take-Control-Standalone-Ports-and-Domains-Firewall-and-AV-Exclusions.htm,2/9/2024
N-Able Advanced Monitoring Agent,*systemmonitor.us,BASupApp.exe,,,TRUE,RMM,https://documentation.n-able.com/takecontrol/troubleshooting/Content/kb/Take-Control-Standalone-Ports-and-Domains-Firewall-and-AV-Exclusions.htm,2/9/2024
N-Able Advanced Monitoring Agent,*systemmonitor.eu.com,BASupSrvc.exe,,,TRUE,RMM,https://documentation.n-able.com/takecontrol/troubleshooting/Content/kb/Take-Control-Standalone-Ports-and-Domains-Firewall-and-AV-Exclusions.htm,2/9/2024
N-Able Advanced Monitoring Agent,*system-monitor.com,BASupSrvcCnfg.exe,,,TRUE,RMM,https://documentation.n-able.com/takecontrol/troubleshooting/Content/kb/Take-Control-Standalone-Ports-and-Domains-Firewall-and-AV-Exclusions.htm,2/9/2024
N-Able Advanced Monitoring Agent,systemmonitor.us.cdn.cloudflare.net,BASupTSHelper.exe,,,TRUE,RMM,https://documentation.n-able.com/takecontrol/troubleshooting/Content/kb/Take-Control-Standalone-Ports-and-Domains-Firewall-and-AV-Exclusions.htm,2/9/2024
N-Able Advanced Monitoring Agent,*cloudbackup.management,,,,TRUE,RMM,https://documentation.n-able.com/takecontrol/troubleshooting/Content/kb/Take-Control-Standalone-Ports-and-Domains-Firewall-and-AV-Exclusions.htm,2/9/2024
N-Able Advanced Monitoring Agent,*systemmonitor.co.uk,,,,TRUE,RMM,https://documentation.n-able.com/takecontrol/troubleshooting/Content/kb/Take-Control-Standalone-Ports-and-Domains-Firewall-and-AV-Exclusions.htm,2/9/2024
N-Able Advanced Monitoring Agent,*.n-able.com,,,,TRUE,RMM,https://documentation.n-able.com/takecontrol/troubleshooting/Content/kb/Take-Control-Standalone-Ports-and-Domains-Firewall-and-AV-Exclusions.htm,2/9/2024
N-Able Advanced Monitoring Agent,*.beanywhere.com ,,,,TRUE,RMM,https://documentation.n-able.com/takecontrol/troubleshooting/Content/kb/Take-Control-Standalone-Ports-and-Domains-Firewall-and-AV-Exclusions.htm,2/9/2024
N-Able Advanced Monitoring Agent,*.swi-tc.com,,,,TRUE,RMM,https://documentation.n-able.com/takecontrol/troubleshooting/Content/kb/Take-Control-Standalone-Ports-and-Domains-Firewall-and-AV-Exclusions.htm,2/9/2024
NateOn-desktop sharing,*.nate.com,nateon*.exe,,,TRUE,RMM,http://rsupport.nate.com/rview/r8/main/index.aspx,2/9/2024
NateOn-desktop sharing,,nateon.exe,,,TRUE,RMM,http://rsupport.nate.com/rview/r8/main/index.aspx,2/9/2024
NateOn-desktop sharing,,nateonmain.exe,,,TRUE,RMM,http://rsupport.nate.com/rview/r8/main/index.aspx,2/9/2024
Naverisk,user_managed,AgentSetup-*.exe,naverisk*,,TRUE,RMM,http://kb.naverisk.com/en/articles/2811223-deploying-naverisk-agents,2/9/2024
Naverisk,,,NavMK1 Limited*,,TRUE,RMM,http://kb.naverisk.com/en/articles/2811223-deploying-naverisk-agents,2/9/2024
Netop Remote Control (Impero Connect),*.connect.backdrop.cloud,nhostsvc.exe,Impero Solutions*,netop-remote-control,TRUE,RMM,https://kb.netop.com/article/firewall-and-proxy-server-considerations-when-using-netop-portal-communication-373.html,2/9/2024
Netop Remote Control (Impero Connect),*.netop.com,nhstw32.exe,Impero Connect*,,TRUE,RMM,https://kb.netop.com/article/firewall-and-proxy-server-considerations-when-using-netop-portal-communication-373.html,2/9/2024
Netop Remote Control (Impero Connect),,ngstw32.exe,,,TRUE,RMM,https://kb.netop.com/article/firewall-and-proxy-server-considerations-when-using-netop-portal-communication-373.html,2/9/2024
Netop Remote Control (Impero Connect),,Netop Ondemand.exe,,,TRUE,RMM,https://kb.netop.com/article/firewall-and-proxy-server-considerations-when-using-netop-portal-communication-373.html,2/9/2024
Netop Remote Control (Impero Connect),,nldrw32.exe,,,TRUE,RMM,https://kb.netop.com/article/firewall-and-proxy-server-considerations-when-using-netop-portal-communication-373.html,2/9/2024
Netop Remote Control (Impero Connect),,rmserverconsolemediator.exe,,,TRUE,RMM,https://kb.netop.com/article/firewall-and-proxy-server-considerations-when-using-netop-portal-communication-373.html,2/9/2024
Netop Remote Control (Impero Connect),,ImperoInit.exe,,,TRUE,RMM,https://kb.netop.com/article/firewall-and-proxy-server-considerations-when-using-netop-portal-communication-373.html,2/9/2024
Netop Remote Control (Impero Connect),,Connect.Backdrop.cloud*.exe,,,TRUE,RMM,https://kb.netop.com/article/firewall-and-proxy-server-considerations-when-using-netop-portal-communication-373.html,2/9/2024
Netop Remote Control (Impero Connect),,ImperoClientSVC.exe,,,TRUE,RMM,https://kb.netop.com/article/firewall-and-proxy-server-considerations-when-using-netop-portal-communication-373.html,2/8/2024
Netreo,charon.netreo.net,,,,TRUE,RMM,https://solutions.netreo.com/docs/firewall-requirements,2/9/2024
Netreo,activation.netreo.net,,,,TRUE,RMM,https://solutions.netreo.com/docs/firewall-requirements,2/9/2024
Netreo,*.api.netreo.com,,,,TRUE,RMM,https://solutions.netreo.com/docs/firewall-requirements,2/9/2024
NetSupport Manager,*.netsupportmanager.com,pcictlui.exe,netsupport,netsupport-manager,TRUE,RMM,https://www.netsupportmanager.com/resources/,2/9/2024
NetSupport Manager,,pcicfgui.exe,,,TRUE,RMM,https://www.netsupportmanager.com/resources/,2/9/2024
NetSupport Manager,,client32.exe,,,TRUE,RMM,https://www.netsupportmanager.com/resources/,2/9/2024
Neturo,neturo.uplus.co.kr,neturo*.exe,,,TRUE,RMM,"Obscure, located an older copy here: http://www.iconpos.com/pos/home/iconpos/bbs.php?id=file&q=view&uid=2",2/9/2024
Neturo,,ntrntservice.exe,,,TRUE,RMM,"Obscure, located an older copy here: http://www.iconpos.com/pos/home/iconpos/bbs.php?id=file&q=view&uid=2",2/9/2024
Netviewer (GoToMeet),,nvClient.exe,Algorius*,netviewer,TRUE,RMM,Obsolute - found copy here: https://www.enviolet.com/en/service/online-consultant.html,2/9/2024
Netviewer (GoToMeet),,netviewer.exe,,,TRUE,RMM,Obsolute - found copy here: https://www.enviolet.com/en/service/online-consultant.html,2/9/2024
ngrok,user_managed,ngrok.exe,,,TRUE,Developer Utility,https://ngrok.com/docs/guides/running-behind-firewalls/,2/9/2024
NinjaRMM,*.ninjaone.com,ninjarmmagent.exe,NinjaRMM*,,TRUE,RMM,https://www.ninjaone.com/faq/,2/9/2024
NinjaRMM,*.ninjarmm.com,NinjaRMMAgenPatcher.exe,Ninja MSP*,,TRUE,RMM,https://www.ninjaone.com/faq/,2/9/2024
NoMachine,user_managed,nomachine*.exe,NoMachine*,nomachine,TRUE,RMM,https://kb.nomachine.com/AR04S01122,2/9/2024
NoMachine,,nxservice*.ese,,,TRUE,RMM,https://kb.nomachine.com/AR04S01122,2/9/2024
NoMachine,,nxd.exe,,,TRUE,RMM,https://kb.nomachine.com/AR04S01122,2/9/2024
NTR Remote,*.ntrsupport.com,NTRsupportPro_EN.exe,Net Transmit & Receive SL,ntr-remote,TRUE,RMM,DOA as of 2024,2/26/2024
OCS inventory,user_managed,ocsinventory.exe,Ocs Inventory*,,TRUE,RMM,https://ocsinventory-ng.org/?page_id=878&lang=en,2/9/2024
OCS inventory,,ocsservice.exe,OcsPackager*,,TRUE,RMM,https://ocsinventory-ng.org/?page_id=878&lang=en,2/9/2024
OptiTune,*.optitune.us,OTService.exe,Bravura Software*,,TRUE,RMM,https://www.bravurasoftware.com/optitune/support/faq.aspx,2/26/2024
OptiTune,*.opti-tune.com,OTPowerShell.exe,OptiTune*,,TRUE,RMM,https://www.bravurasoftware.com/optitune/support/faq.aspx,2/26/2024
Pandora RC (eHorus),portal.ehorus.com,ehorus standalone.exe,eHorus*,,TRUE,RMM,https://pandorafms.com/manual/!current/en/documentation/09_pandora_rc/01_pandora_rc_introduction,2/7/2024
Pandora RC (eHorus),,ehorus_agent.exe,,,TRUE,RMM,https://pandorafms.com/manual/!current/en/documentation/09_pandora_rc/01_pandora_rc_introduction,2/7/2024
Panorama9,trusted.panorama9.com,p9agent*.exe,Panorama9*,,TRUE,RMM,https://support.panorama9.com/en/articles/1859605-what-ports-and-hosts-does-the-p9-agent-communicate-with,2/9/2024
Panorama9,changes.panorama9.com,,,,TRUE,RMM,https://support.panorama9.com/en/articles/1859605-what-ports-and-hosts-does-the-p9-agent-communicate-with,2/9/2024
Parallels Access,*.parallels.com,prl_deskctl_agent.exe,Parallels Access*,parallels-access,TRUE,RMM,https://kb.parallels.com/en/129097,2/9/2024
Parallels Access,,prl_deskctl_wizard.exe,,,TRUE,RMM,https://kb.parallels.com/en/129097,2/9/2024
Parallels Access,,prl_pm_service.exe,,,TRUE,RMM,https://kb.parallels.com/en/129097,2/9/2024
Parallels Access,,parallelsaccess-*.exe,,,TRUE,RMM,https://kb.parallels.com/en/129097,2/9/2024
pcAnywhere,user_managed,awhost32.exe,,pcanywhere,TRUE,RMM,https://en.wikipedia.org/wiki/PcAnywhere,2/9/2024
pcAnywhere,,pcaquickconnect.exe,,pcanywhere-remote-control,TRUE,RMM,https://en.wikipedia.org/wiki/PcAnywhere,2/9/2024
pcAnywhere,,winaw32.exe,,pcanywhere-base,TRUE,RMM,https://en.wikipedia.org/wiki/PcAnywhere,2/9/2024
Pcnow,,mwcliun.exe,,,TRUE,RMM,http://pcnow.webex.com/ - DOA as of 2024,2/9/2024
Pcnow,,pcnmgr.exe,,,TRUE,RMM,http://pcnow.webex.com/ - DOA as of 2024,2/9/2024
Pcnow,,webexpcnow.exe,,,TRUE,RMM,http://pcnow.webex.com/ - DOA as of 2024,2/9/2024
Pcvisit,*.pcvisit.de,pcvisit.exe,pcvisit*,pcvisit,TRUE,RMM,https://www.pcvisit.de/,2/9/2024
Pcvisit,,pcvisit_client.exe,,,TRUE,RMM,https://www.pcvisit.de/,2/9/2024
Pcvisit,,pcvisit-easysupport.exe,,,TRUE,RMM,https://www.pcvisit.de/,2/9/2024
Pcvisit,,pcvisit_service_client.exe,,,TRUE,RMM,https://www.pcvisit.de/,2/9/2024
PDQ Connect,app.pdq.com,pdq-connect*.exe,PDQ.com*,,TRUE,RMM,https://connect.pdq.com/hc/en-us/articles/9518992071707-Network-Requirements,2/26/2024
PDQ Connect,cfcdn.pdq.com,,PDQConnectAgent*,,TRUE,RMM,https://connect.pdq.com/hc/en-us/articles/9518992071707-Network-Requirements,2/26/2024
Pilixo,*.pilixo.com,Pilixo_Installer*.exe,Pilixo*,,TRUE,RMM,https://pilixo.freshdesk.com/support/solutions/articles/9000141879-device-connectivity-and-firewalls,2/9/2024
Pilixo,pilixo.com,rdp.exe,,,TRUE,RMM,https://pilixo.freshdesk.com/support/solutions/articles/9000141862-pilixo-anti-virus-and-anti-malware-exclusion-recommendations,2/9/2024
Pilixo,download.pilixo.com,,,,TRUE,RMM,pilixo domain DOA as of 2024,2/9/2024
Pocket Cloud (Wyse),,pocketcloud*.exe,PocketCloud*,pocket-cloud,TRUE,RMM,https://wyse-pocketcloud.informer.com/2.1/,2/9/2024
Pocket Cloud (Wyse),,pocketcloudservice.exe,,,TRUE,RMM,https://wyse-pocketcloud.informer.com/2.1/,2/9/2024
Pocket Controller (Soti Xsight),*soti.net,pocketcontroller.exe,Pocket Controller*,pocket-controller,TRUE,RMM,https://pulse.soti.net/support/soti-xsight/help/,2/9/2024
Pocket Controller (Soti Xsight),,wysebrowser.exe,,,TRUE,RMM,https://pulse.soti.net/support/soti-xsight/help/,2/9/2024
Pocket Controller (Soti Xsight),,XSightService.exe,,,TRUE,RMM,https://pulse.soti.net/support/soti-xsight/help/,2/9/2024
PSEXEC,user_managed,psexec.exe,Sysinternals PsExec,psexec,TRUE,Remote Access,https://learn.microsoft.com/en-us/sysinternals/downloads/psexec,2/9/2024
PSEXEC,,psexecsvc.exe,PsExec*,,TRUE,Remote Access,https://learn.microsoft.com/en-us/sysinternals/downloads/psexec,2/9/2024
PSEXEC (Clone),user_managed,paexec.exe,Power Admin*,,TRUE,Remote Access,https://www.poweradmin.com/paexec/,2/9/2024
PSEXEC (Clone),,PAExec-*.exe,PAExec*,,TRUE,Remote Access,https://www.poweradmin.com/paexec/,2/9/2024
PSEXEC (Clone),,csexec.exe ,,,TRUE,Remote Access,https://github.com/malcomvetter/CSExec,2/9/2024
PSEXEC (Clone),,remcom.exe,Remote System Deployment*,,TRUE,Remote Access,https://support.alertlogic.com/hc/en-us/articles/360034494351-Windows-Server-RemCom-Tool-Remote-Shell,2/9/2024
PSEXEC (Clone),,remcomsvc.exe,Remote Command Executor*,,TRUE,Remote Access,https://support.alertlogic.com/hc/en-us/articles/360034494351-Windows-Server-RemCom-Tool-Remote-Shell,2/9/2024
PSEXEC (Clone),,xcmd.exe,,,TRUE,Remote Access,https://docs.bmc.com/docs/display/public/baob201204/xCmd+utility,2/9/2024
PSEXEC (Clone),,xcmdsvc.exe,,,TRUE,Remote Access,https://docs.bmc.com/docs/display/public/baob201204/xCmd+utility,2/9/2024
PulseWay,user_managed,pcmonitorsrv.exe,Pulseway*,,TRUE,RMM,https://intercom.help/pulseway/en/,2/9/2024
Pulseway,,PCMonitorManager.exe,MMSoft Design*,,TRUE,RMM,https://intercom.help/pulseway/en/,2/9/2024
QQ IM-remote assistance,*.mdt.qq.com,qq.exe,Tencent*,qq,TRUE,RMM,https://en.wikipedia.org/wiki/Tencent_QQ,2/9/2024
QQ IM-remote assistance,*.desktop.qq.com,QQProtect.exe,QQ*,qq-rdp,TRUE,RMM,https://en.wikipedia.org/wiki/Tencent_QQ,2/9/2024
QQ IM-remote assistance,upload_data.qq.com,qqpcmgr.exe,,,TRUE,RMM,https://en.wikipedia.org/wiki/Tencent_QQ,2/9/2024
Quest KACE Agent (formerly Dell KACE),*.kace.com,konea.exe,KACE Agent*,,TRUE,RMM,https://support.quest.com/kb/4211365/which-network-ports-and-urls-are-required-for-the-kace-sma-appliance-to-function,2/9/2024
RAdmin,user_managed,radmin.exe,famatech*,radmin,TRUE,RMM,https://radmin-club.com/radmin/how-to-establish-a-connection-outside-of-lan/,2/9/2024
RAdmin,,famitrfc.exe,radmin*,,TRUE,RMM,https://radmin-club.com/radmin/how-to-establish-a-connection-outside-of-lan/,2/9/2024
RAdmin,,radmin3.exe,,,TRUE,RMM,https://radmin-club.com/radmin/how-to-establish-a-connection-outside-of-lan/,2/9/2024
Rapid7,*.analytics.insight.rapid7.com,ir_agent.exe,Insight Agent*,,TRUE,RMM,https://docs.rapid7.com/insightvm/configure-communications-with-the-insight-platform/,2/14/2024
Rapid7,*.endpoint.ingress.rapid7.com,rapid7_agent_core.exe,Rapid7 Insight Agent*,,TRUE,RMM,https://docs.rapid7.com/insightvm/configure-communications-with-the-insight-platform/,2/14/2024
Rapid7,,rapid7_endpoint_broker.exe,,,TRUE,RMM,https://docs.rapid7.com/insightvm/configure-communications-with-the-insight-platform/,2/14/2024
rdp2tcp,user_managed,tdp2tcp.exe,,,TRUE,RMM,github.com/V-E-O/rdp2tcp,2/9/2024
rdp2tcp,,rdp2tcp.py,,,TRUE,RMM,github.com/V-E-O/rdp2tcp,2/9/2024
RDPView,user_managed,dwrcs.exe,,,TRUE,RMM,systemmanager.ru/dntu.en/rdp_view.htm - Same as Damware,2/9/2024
rdpwrap,user_managed,RDPWInst.exe,,,TRUE,Utility,github.com/stascorp/rdpwrap,2/9/2024
rdpwrap,,RDPCheck.exe,,,TRUE,Utility,github.com/stascorp/rdpwrap,2/9/2024
rdpwrap,,RDPConf.exe,,,TRUE,Utility,github.com/stascorp/rdpwrap,2/9/2024
Remobo,user_managed,remobo.exe,,,TRUE,RMM,https://www.remobo.com - DOA as of 2024,2/9/2024
Remobo,,remobo_client.exe,,,TRUE,RMM,https://www.remobo.com - DOA as of 2024,2/9/2024
Remobo,,remobo_tracker.exe,,,TRUE,RMM,https://www.remobo.com - DOA as of 2024,2/9/2024
Remote Desktop Plus,,rdp.exe,Remote Desktop Plus*,,TRUE,Utility,https://www.donkz.nl/,2/9/2024
Remote Manipulator System,*.internetid.ru,rfusclient.exe,,,TRUE,RMM,https://rmansys.ru/files/,2/9/2024
Remote Manipulator System,,rutserv.exe,,,TRUE,RMM,https://rmansys.ru/files/,2/9/2024
Remote Utilities,*.internetid.ru,rutview.exe,Remote Utilities*,,TRUE,RMM,https://www.remoteutilities.com/download/,2/9/2024
Remote Utilities,,rutserv.exe,,,TRUE,RMM,https://www.remoteutilities.com/download/,2/9/2024
Remote.it,auth.api.remote.it,remote-it-installer.exe,,,TRUE,RMM,https://docs.remote.it/introduction/get-started,2/9/2024
Remote.it,api.remote.it,remote.it.exe,,,TRUE,RMM,https://docs.remote.it/introduction/get-started,2/9/2024
Remote.it,,remoteit.exe,,,TRUE,RMM,https://docs.remote.it/introduction/get-started,2/9/2024
RemoteCall,*.remotecall.com,rcengmgru.exe,RSUPPORT*,remotecall,TRUE,RMM,https://help.remotecall.com/hc/en-us/articles/360005128814--RemoteCall-Server-List-For-Firewall,2/9/2024
RemoteCall,*.startsupport.com,rcmgrsvc.exe,,,TRUE,RMM,https://help.remotecall.com/hc/en-us/articles/360005128814--RemoteCall-Server-List-For-Firewall,2/9/2024
RemoteCall,,rxstartsupport.exe,,,TRUE,RMM,https://help.remotecall.com/hc/en-us/articles/360005128814--RemoteCall-Server-List-For-Firewall,2/9/2024
RemoteCall,,rcstartsupport.exe,,,TRUE,RMM,https://help.remotecall.com/hc/en-us/articles/360005128814--RemoteCall-Server-List-For-Firewall,2/9/2024
RemoteCall,,raautoup.exe,,,TRUE,RMM,https://help.remotecall.com/hc/en-us/articles/360005128814--RemoteCall-Server-List-For-Firewall,2/9/2024
RemoteCall,,agentu.exe,,,TRUE,RMM,https://help.remotecall.com/hc/en-us/articles/360005128814--RemoteCall-Server-List-For-Firewall,2/9/2024
RemoteCall,,remotesupportplayeru.exe,,,TRUE,RMM,https://help.remotecall.com/hc/en-us/articles/360005128814--RemoteCall-Server-List-For-Firewall,2/9/2024
RemotePass Access,,remotepass-access.exe,,,TRUE,RMM,https://www.remotepass.com/rpaccess.html - DOA as of 2024,2/9/2024
RemotePass Access,,rpaccess.exe,,,TRUE,RMM,https://www.remotepass.com/rpaccess.html - DOA as of 2024,2/9/2024
RemotePass Access,,rpwhostscr.exe,,,TRUE,RMM,https://www.remotepass.com/rpaccess.html - DOA as of 2024,2/9/2024
RemotePC,*.remotepc.com,remotepcservice.exe,remotedesktop*,remotepc,TRUE,RMM,https://www.remotedesktop.com/helpdesk/faq-firewall,2/9/2024
RemotePC,remotepc.com,rpcsuite.exe,remotepc*,,TRUE,RMM,https://www.remotedesktop.com/helpdesk/faq-firewall,2/9/2024
RemotePC,*.remotedesktop.com,Idrive.File-Transfer,,,TRUE,RMM,https://www.remotedesktop.com/helpdesk/faq-firewall,2/9/2024
RemotePC,,idrive.RemotePCAgent,,,TRUE,RMM,https://www.remotedesktop.com/helpdesk/faq-firewall,2/9/2024
RemotePC,,remotepchost.exe,,,TRUE,RMM,https://www.remotedesktop.com/helpdesk/faq-firewall,2/9/2024
RemoteView,*content.rview.com,remoteview.exe,RemoteView*,remoteview,TRUE,RMM,https://help.rview.com/hc/en-us/articles/360005175994--RemoteView-Server-list-for-firewall,2/9/2024
RemoteView,*.rview.com,rv.exe,RsDoctor*,,TRUE,RMM,https://help.rview.com/hc/en-us/articles/360005175994--RemoteView-Server-list-for-firewall,2/9/2024
RemoteView,,rvagent.exe,,,TRUE,RMM,https://help.rview.com/hc/en-us/articles/360005175994--RemoteView-Server-list-for-firewall,2/9/2024
RemoteView,,rvagtray.exe,,,TRUE,RMM,https://help.rview.com/hc/en-us/articles/360005175994--RemoteView-Server-list-for-firewall,2/9/2024
RES Automation Manager,user_managed,wisshell*.exe,,,TRUE,RMM,https://forums.ivanti.com/s/article/INFO-Which-ports-does-Ivanti-Automation-use?language=en_US&ui-force-components-controllers-recordGlobalValueProvider.RecordGvp.getRecord=1,2/9/2024
RES Automation Manager,,wmc.exe,,,TRUE,RMM,https://forums.ivanti.com/s/article/INFO-Which-ports-does-Ivanti-Automation-use?language=en_US&ui-force-components-controllers-recordGlobalValueProvider.RecordGvp.getRecord=1,2/9/2024
RES Automation Manager,,wmc_deployer.exe,,,TRUE,RMM,https://forums.ivanti.com/s/article/INFO-Which-ports-does-Ivanti-Automation-use?language=en_US&ui-force-components-controllers-recordGlobalValueProvider.RecordGvp.getRecord=1,2/9/2024
RES Automation Manager,,wmcsvc.exe,,,TRUE,RMM,https://forums.ivanti.com/s/article/INFO-Which-ports-does-Ivanti-Automation-use?language=en_US&ui-force-components-controllers-recordGlobalValueProvider.RecordGvp.getRecord=1,2/9/2024
Royal Apps,user_managed,royalserver.exe,,,TRUE,RMM,https://www.royalapps.com/ts/win/download,2/9/2024
Royal Apps,,royalts.exe,,,TRUE,RMM,https://www.royalapps.com/ts/win/download,2/9/2024
RPort,user_managed,rport.exe,,,TRUE,RMM,https://kb.rport.io/using-the-remote-access,2/9/2024
RuDesktop,*.rudesktop.ru,rd.exe,,rudesktop-remote-desktop,TRUE,RMM,https://rudesktop.ru,2/9/2024
RuDesktop,,rudesktop*.exe,,,TRUE,RMM,https://asec.ahnlab.com/en/40263/,2/9/2024
RustDesk,user_managed,rustdesk.exe,rustdesk*,rustdesk-remote-desktop,TRUE,RMM,https://rustdesk.com/docs/en/,2/9/2024
RustDesk,,rustdesk*.exe,,,TRUE,RMM,https://rustdesk.com/docs/en/,2/9/2024
ScreenConnect (ConnectWise),*.connectwise.com,Remote Workforce Client.exe,ConnectWise*,screenconnect,TRUE,RMM,https://thedfirreport.com/2023/09/25/from-screenconnect-to-hive-ransomware-in-61-hours/,2/7/2024
ScreenConnect (ConnectWise),*.screenconnect.com,screenconnect*.exe,ScreenConnect*,,TRUE,RMM,https://thedfirreport.com/2023/09/25/from-screenconnect-to-hive-ransomware-in-61-hours/,2/7/2024
ScreenConnect (ConnectWise),,ConnectWiseControl*.exe,CONTINUUM MANAGED*,,TRUE,RMM,https://thedfirreport.com/2023/09/25/from-screenconnect-to-hive-ransomware-in-61-hours/,2/7/2024
ScreenConnect (ConnectWise),,connectwise*.exe,,,TRUE,RMM,https://cybir.com/2022/cve/bypasssing-connectwise-and-endpoint-controls/,2/7/2024
ScreenConnect (ConnectWise),,screenconnect.windowsclient.exe,,,TRUE,RMM,https://cybir.com/2022/cve/bypasssing-connectwise-and-endpoint-controls/,2/7/2024
ScreenConnect (ConnectWise),,screenconnect.clientservice.exe,,,TRUE,RMM,https://cybir.com/2022/cve/bypasssing-connectwise-and-endpoint-controls/,2/7/2024
ScreenMeet,*.screenmeet.com,ScreenMeetSupport.exe,ScreenMeet*,,TRUE,RMM,https://docs.screenmeet.com/docs/firewall-white-list,2/7/2024
ScreenMeet,*.scrn.mt,ScreenMeet.Support.exe,,,TRUE,RMM,https://docs.screenmeet.com/docs/firewall-white-list,2/7/2024
Seetrol,seetrol.co.kr,seetrolcenter.exe,,,TRUE,RMM,http://www.seetrol.com/en/features/features3.php,2/7/2024
Seetrol,,seetrolclient.exe,,,TRUE,RMM,http://www.seetrol.com/en/features/features3.php,2/7/2024
Seetrol,,seetrolmyservice.exe,,,TRUE,RMM,http://www.seetrol.com/en/features/features3.php,2/7/2024
Seetrol,,seetrolremote.exe,,,TRUE,RMM,http://www.seetrol.com/en/features/features3.php,2/7/2024
Seetrol,,seetrolsetting.exe,,,TRUE,RMM,http://www.seetrol.com/en/features/features3.php,2/7/2024
Senso.cloud,*.senso.cloud,SensoClient.exe,,,TRUE,RMM,https://support.senso.cloud/support/solutions/articles/79000116305-firewall-and-content-filter-configuration,2/9/2024
Senso.cloud,,SensoService.exe,,,TRUE,RMM,https://support.senso.cloud/support/solutions/articles/79000116305-firewall-and-content-filter-configuration,2/9/2024
Senso.cloud,,aadg.exe,,,TRUE,RMM,https://support.senso.cloud/support/solutions/articles/79000116305-firewall-and-content-filter-configuration,2/9/2024
ServerEye,*.server-eye.de,servereye*.exe,ServerEye*,,TRUE,RMM,https://www.servereye.de/wp-content/uploads/Anleitung-zur-Erstinstallation_aktuell.pdf,2/9/2024
ServerEye,,ServiceProxyLocalSys.exe,Server-Eye*,,TRUE,RMM,https://www.servereye.de/wp-content/uploads/Anleitung-zur-Erstinstallation_aktuell.pdf,2/9/2024
ServerEye,,,,,TRUE,RMM,https://www.servereye.de/wp-content/uploads/Anleitung-zur-Erstinstallation_aktuell.pdf,2/9/2024
ShowMyPC,showmypc.com,showmypc*.exe,ShowMyPC*,showmypc,TRUE,RMM,https://showmypc.com/service/faq/ShowMyPCSecurityOverview1.pdf,2/9/2024
ShowMyPC,*.showmypc.com,showmypc.exe,,,TRUE,RMM,https://showmypc.com/service/faq/ShowMyPCSecurityOverview1.pdf,2/9/2024
ShowMyPC,,SMPCSetup.exe,,,TRUE,RMM,https://showmypc.com/service/faq/ShowMyPCSecurityOverview1.pdf,2/9/2024
SimpleHelp,user_managed,simplehelpcustomer.exe,SimpleHelp*,,TRUE,RMM,https://simple-help.com/remote-support,2/9/2024
SimpleHelp,,simpleservice.exe,,,TRUE,RMM,https://simple-help.com/remote-support,2/9/2024
SimpleHelp,,simplegatewayservice.exe,,,TRUE,RMM,https://simple-help.com/remote-support,2/9/2024
SimpleHelp,,remote access.exe,,,TRUE,RMM,https://simple-help.com/remote-support,2/9/2024
Site24x7,plus*.site24x7.com,MEAgentHelper.exe,,,TRUE,RMM,https://support.site24x7.com/portal/en/kb/articles/which-ports-do-i-need-to-allow-access-in-my-firewall-to-use-site24x7-agent,2/13/2024
Site24x7,plus*.site24x7.eu,MonitoringAgent.exe,,,TRUE,RMM,https://support.site24x7.com/portal/en/kb/articles/which-ports-do-i-need-to-allow-access-in-my-firewall-to-use-site24x7-agent,2/13/2024
Site24x7,plus*.site24x7.in,Site24x7WindowsAgentTrayIcon.exe,,,TRUE,RMM,https://support.site24x7.com/portal/en/kb/articles/which-ports-do-i-need-to-allow-access-in-my-firewall-to-use-site24x7-agent,2/13/2024
Site24x7,plus*.site24x7.cn,Site24x7PluginAgent.exe,,,TRUE,RMM,https://support.site24x7.com/portal/en/kb/articles/which-ports-do-i-need-to-allow-access-in-my-firewall-to-use-site24x7-agent,2/13/2024
Site24x7,plus*.site24x7.net.au,,,,TRUE,RMM,https://support.site24x7.com/portal/en/kb/articles/which-ports-do-i-need-to-allow-access-in-my-firewall-to-use-site24x7-agent,2/13/2024
SkyFex,skyfex.com,Deskroll.exe,DeskRoll Remote Desktop*,,TRUE,RMM,https://skyfex.com/,2/9/2024
SkyFex,deskroll.com,DeskRollUA.exe,,,TRUE,RMM,https://skyfex.com/,2/9/2024
SkyFex,*.deskroll.com,,,,TRUE,RMM,https://skyfex.com/,2/9/2024
Sophos-Remote Management System,*.sophos.com,clientmrinit.exe,,,TRUE,RMM,community.sophos.com/on-premise-endpoint/f/sophos-endpoint-software/5725/sophos-remote-management-system,2/9/2024
Sophos-Remote Management System,*.sophosupd.com,mgntsvc.exe,,,TRUE,RMM,community.sophos.com/on-premise-endpoint/f/sophos-endpoint-software/5725/sophos-remote-management-system,2/9/2024
Sophos-Remote Management System,*.sophosupd.net,routernt.exe,,,TRUE,RMM,community.sophos.com/on-premise-endpoint/f/sophos-endpoint-software/5725/sophos-remote-management-system,2/9/2024
Sorillus,*.sorillus.com,Sorillus-Launcher*.exe,,,TRUE,RMM,https://sorillus.com/,2/9/2024
Sorillus,sorillus.com,Sorillus Launcher.exe,,,TRUE,RMM,https://sorillus.com/,2/9/2024
Splashtop Remote,splashtop.com,strwinclt.exe,Splashtop*,splashtop-remote,TRUE,RMM,https://support-splashtopbusiness.splashtop.com/hc/en-us/articles/115001811966-What-are-the-Firewall-Exceptions-and-IP-addresses-of-Splashtop-servers-Services,2/9/2024
Splashtop Remote,*.api.splashtop.com,Splashtop_Streamer_Windows*.exe,,,TRUE,RMM,https://support-splashtopbusiness.splashtop.com/hc/en-us/articles/115001811966-What-are-the-Firewall-Exceptions-and-IP-addresses-of-Splashtop-servers-Services,2/9/2024
Splashtop Remote,*.relay.splashtop.com,SplashtopSOS.exe,,,TRUE,RMM,https://support-splashtopbusiness.splashtop.com/hc/en-us/articles/115001811966-What-are-the-Firewall-Exceptions-and-IP-addresses-of-Splashtop-servers-Services,2/9/2024
Splashtop Remote,*.api.splashtop.eu,sragent.exe,,,TRUE,RMM,https://support-splashtopbusiness.splashtop.com/hc/en-us/articles/115001811966-What-are-the-Firewall-Exceptions-and-IP-addresses-of-Splashtop-servers-Services,2/9/2024
Splashtop Remote,,srmanager.exe,,,TRUE,RMM,https://support-splashtopbusiness.splashtop.com/hc/en-us/articles/115001811966-What-are-the-Firewall-Exceptions-and-IP-addresses-of-Splashtop-servers-Services,2/9/2024
Splashtop Remote,,srserver.exe,,,TRUE,RMM,https://support-splashtopbusiness.splashtop.com/hc/en-us/articles/115001811966-What-are-the-Firewall-Exceptions-and-IP-addresses-of-Splashtop-servers-Services,2/9/2024
Splashtop Remote,,srservice.exe,,,TRUE,RMM,https://support-splashtopbusiness.splashtop.com/hc/en-us/articles/115001811966-What-are-the-Firewall-Exceptions-and-IP-addresses-of-Splashtop-servers-Services,2/9/2024
SpyAnywhere,*.spytech-web.com,sysdiag.exe,,,TRUE,RMM,https://www.spyanywhere.com/support.shtml,2/9/2024
SunLogin,sunlogin.oray.com,OrayRemoteShell.exe,Shanghai Best Oray*,sunlogin-remote-control,TRUE,RMM,https://sunlogin.oray.com/en/embed/software.html,2/26/2024
SunLogin,client.oray.net,OrayRemoteService.exe,Remote control service,,TRUE,RMM,https://sunlogin.oray.com/en/embed/software.html,2/26/2024
SunLogin,,sunlogin*.exe,,,TRUE,RMM,https://sunlogin.oray.com/en/embed/software.html,2/26/2024
SuperOps,superops.ai,superopsticket.exe,SuperOps*,,TRUE,RMM,https://support.superops.com/en/articles/6632028-how-to-download-and-deploy-the-agent,2/7/2024
SuperOps,*.superops.ai,superops.exe,,,TRUE,RMM,https://support.superops.com/en/articles/6632028-how-to-download-and-deploy-the-agent,2/7/2024
SuperOps,serv.superopsalpha.com,,,,TRUE,RMM,https://support.superops.com/en/articles/6632028-how-to-download-and-deploy-the-agent,2/7/2024
SuperOps,*.superopsalpha.com,,,,TRUE,RMM,https://support.superops.com/en/articles/6632028-how-to-download-and-deploy-the-agent,2/7/2024
SuperOps,*.superopsbeta.com,,,,TRUE,RMM,https://support.superops.com/en/articles/6632028-how-to-download-and-deploy-the-agent,2/7/2024
Supremo,supremocontrol.com,supremo.exe,SupRemo*,supremo,TRUE,RMM,https://www.supremocontrol.com/frequently-asked-questions/,2/13/2024
Supremo,*.supremocontrol.com,supremohelper.exe,NanoSystems*,,TRUE,RMM,https://www.supremocontrol.com/frequently-asked-questions/,2/13/2024
Supremo,* .nanosystems.it,supremoservice.exe,,,TRUE,RMM,https://www.supremocontrol.com/frequently-asked-questions/,2/13/2024
Supremo,,supremosystem.exe,,,TRUE,RMM,https://www.supremocontrol.com/frequently-asked-questions/,2/13/2024
Supremo,,supremohelper.exe,,,TRUE,RMM,https://www.supremocontrol.com/frequently-asked-questions/,2/13/2024
Supremo,,supremo.exe,,,TRUE,RMM,https://www.supremocontrol.com/frequently-asked-questions/,2/13/2024
Supremo,,supremosystem.exe,,,TRUE,RMM,https://www.supremocontrol.com/frequently-asked-questions/,2/13/2024
Syncro,app.kabuto.io ,Kabuto.App.Runner.exe,Servably*,,TRUE,RMM,https://community.syncromsp.com/t/syncro-exceptions-and-allowlists/2004,2/13/2024
Syncro,*.syncromsp.com,Kabuto.Service.Runner.exe,Syncro*,,TRUE,RMM,https://community.syncromsp.com/t/syncro-exceptions-and-allowlists/2004,2/13/2024
Syncro,*.syncroapi.com,Kabuto.Installer.exe,,,TRUE,RMM,https://community.syncromsp.com/t/syncro-exceptions-and-allowlists/2004,2/13/2024
Syncro,*.kabutoservices.com,KabutoSetup.exe,,,TRUE,RMM,https://community.syncromsp.com/t/syncro-exceptions-and-allowlists/2004,2/13/2024
Syncro,ld.aurelius.host,Syncro.Overmind.Service.exe,,,TRUE,RMM,https://community.syncromsp.com/t/syncro-exceptions-and-allowlists/2004,2/13/2024
Syncro,attachments.servably.com,SyncroLive.Service.exe,,,TRUE,RMM,https://community.syncromsp.com/t/syncro-exceptions-and-allowlists/2004,2/13/2024
Syncro,,SyncroLive.Agent.exe,,,TRUE,RMM,https://community.syncromsp.com/t/syncro-exceptions-and-allowlists/2004,2/13/2024
Syncro,,Syncro.App.Runner.exe,,,TRUE,RMM,https://community.syncromsp.com/t/syncro-exceptions-and-allowlists/2004,2/13/2024
Syncro,,Syncro.Installer.exe,,,TRUE,RMM,https://community.syncromsp.com/t/syncro-exceptions-and-allowlists/2004,2/13/2024
Syncro,,Syncro.Service.exe,,,TRUE,RMM,https://community.syncromsp.com/t/syncro-exceptions-and-allowlists/2004,2/13/2024
Synergy,user_managed,,,synergy,TRUE,RMM,https://symless.com/synergy,2/26/2024
Syspectr,atled.syspectr.com,oo-syspectr*.exe,O&O Syspectr*,,TRUE,RMM,https://www.syspectr.com/en/installation-in-a-network,2/26/2024
Syspectr,app.syspectr.com,OOSysAgent.exe,,,TRUE,RMM,https://www.syspectr.com/en/installation-in-a-network,2/26/2024
Tactical RMM,login.tailscale.com,tacticalrmm.exe,AmidaWare*,,TRUE,RMM,docs.tacticalrmm.com,2/14/2024
Tactical RMM,login.tailscale.com,tacticalrmm.exe,Tactical Techs*,,TRUE,RMM,docs.tacticalrmm.com,2/14/2024
Tailscale,*.tailscale.com,tailscale-*.exe,Tailscale*,,TRUE,Remote Access,https://tailscale.com/kb/1023/troubleshooting,2/14/2024
Tailscale,*.tailscale.io,tailscaled.exe,,,TRUE,Remote Access,https://tailscale.com/kb/1023/troubleshooting,2/14/2024
Tailscale,,tailscale-ipn.exe,,,TRUE,Remote Access,https://tailscale.com/kb/1023/troubleshooting,2/14/2024
Tanium,cloud.tanium.com,TaniumClient.exe,Tanium*,,TRUE,RMM,https://help.tanium.com/bundle/ug_client_cloud/page/client/platform_connections.html,2/14/2024
Tanium,*.cloud.tanium.com,TaniumCX.exe,,,TRUE,RMM,https://help.tanium.com/bundle/ug_client_cloud/page/client/platform_connections.html,2/14/2024
Tanium,,TaniumExecWrapper.exe,,,TRUE,RMM,https://help.tanium.com/bundle/ug_client_cloud/page/client/platform_connections.html,2/14/2024
Tanium,,TaniumFileInfo.exe,,,TRUE,RMM,https://help.tanium.com/bundle/ug_client_cloud/page/client/platform_connections.html,2/14/2024
Tanium,,TPowerShell.exe,,,TRUE,RMM,https://help.tanium.com/bundle/ug_client_cloud/page/client/platform_connections.html,2/14/2024
TeamViewer,*.teamviewer.com,teamviewer*.exe,TeamViewer*,teamviewer,TRUE,RMM,https://community.teamviewer.com/English/kb/articles/4139-ports-used-by-teamviewer,2/14/2024
TeamViewer,,teamviewerqs.exe,,teamviewer-remote-control,TRUE,RMM,https://community.teamviewer.com/English/kb/articles/4139-ports-used-by-teamviewer,2/14/2024
TeamViewer,,tv_w32.exe,,teamviewer-sharing,TRUE,RMM,https://community.teamviewer.com/English/kb/articles/4139-ports-used-by-teamviewer,2/14/2024
TeamViewer,,tv_w64.exe,,teamviewer-base,TRUE,RMM,https://community.teamviewer.com/English/kb/articles/4139-ports-used-by-teamviewer,2/14/2024
TeamViewer,,teamviewer.exe,,teamviewer-web,TRUE,RMM,https://community.teamviewer.com/English/kb/articles/4139-ports-used-by-teamviewer,2/14/2024
TeleDesktop,user_managed,pstlaunch.exe,,,TRUE,RMM,http://potomacsoft.com/ - DOA as of 2024,2/14/2024
TeleDesktop,,ptdskclient.exe,,,TRUE,RMM,http://potomacsoft.com/ - DOA as of 2024,2/14/2024
TeleDesktop,,ptdskhost.exe,,,TRUE,RMM,http://potomacsoft.com/ - DOA as of 2024,2/14/2024
TigerVNC,user_managed,tigervnc*.exe,TigerVNC*,,TRUE,RMM,https://github.com/TigerVNC/tigervnc/releases,2/26/2024
TigerVNC,,winvnc4.exe,,,TRUE,RMM,https://github.com/TigerVNC/tigervnc/releases,2/26/2024
TightVNC,user_managed,tvnviewer.exe,TightVNC*,,TRUE,RMM,https://www.tightvnc.com/doc/win/TightVNC_for_Windows-Installation_and_Getting_Started.pdf,2/14/2024
TightVNC,,TightVNCViewerPortable*.exe,,,TRUE,RMM,https://www.tightvnc.com/doc/win/TightVNC_for_Windows-Installation_and_Getting_Started.pdf,2/14/2024
TightVNC,,tvnserver.exe,,,TRUE,RMM,https://www.tightvnc.com/doc/win/TightVNC_for_Windows-Installation_and_Getting_Started.pdf,2/14/2024
ToDesk,todesk.com,todesk.exe,ToDesk*,,TRUE,RMM,https://www.todesk.com/,2/14/2024
ToDesk,*.todesk.com,ToDesk_Service.exe,,,TRUE,RMM,https://www.todesk.com/,2/14/2024
ToDesk,*.todesk.com,ToDesk_Setup.exe,,,TRUE,RMM,https://www.todesk.com/,2/14/2024
TurboMeeting,user_managed,pcstarter.exe,,,TRUE,RMM,http://sourcing.rhubcom.com/v5/faqs.html#collapsetwentysix2-topdiv,2/14/2024
TurboMeeting,,turbomeeting.exe,,,TRUE,RMM,http://sourcing.rhubcom.com/v5/faqs.html#collapsetwentysix2-topdiv,2/14/2024
TurboMeeting,,turbomeetingstarter.exe,,,TRUE,RMM,http://sourcing.rhubcom.com/v5/faqs.html#collapsetwentysix2-topdiv,2/14/2024
UltraViewer,* .ultraviewer.net,UltraViewer_Service.exe,UltraViewer*,ultraviewer,TRUE,RMM,https://www.ultraviewer.net/en/200000026-summary-of-ultraviewer-s-security-information.html,2/14/2024
UltraViewer,,UltraViewer_setup*,DucFabulous*,,TRUE,RMM,https://www.ultraviewer.net/en/200000026-summary-of-ultraviewer-s-security-information.html,2/14/2024
UltraViewer,,UltraViewer_Desktop.exe,,,TRUE,RMM,https://www.ultraviewer.net/en/200000026-summary-of-ultraviewer-s-security-information.html,2/14/2024
UltraViewer,,ultraviewer.exe,,,TRUE,RMM,https://www.ultraviewer.net/en/200000026-summary-of-ultraviewer-s-security-information.html,2/14/2024
UltraVNC,user_managed,UltraVNC*.exe,,,TRUE,Remote Access,https://uvnc.com/docs/uvnc-server/49-UltraVNC-server-configuration.html,2/14/2024
Visual Studio Dev Tunnel,global.rel.tunnels.api.visualstudio.com,,,,TRUE,Developer Utility,https://learn.microsoft.com/en-us/azure/developer/dev-tunnels/security,2/7/2024
Visual Studio Dev Tunnel,*.rel.tunnels.api.visualstudio.com,,,,TRUE,Developer Utility,https://learn.microsoft.com/en-us/azure/developer/dev-tunnels/security,2/7/2024
Visual Studio Dev Tunnel,*.devtunnels.ms,,,,TRUE,Developer Utility,https://learn.microsoft.com/en-us/azure/developer/dev-tunnels/security,2/7/2024
VNC,user_managed,vncserver.exe,realvnc*,vnc,TRUE,Remote Access,https://realvnc.com/en/connect/download/vnc,2/14/2024
VNC,,winvnc*.exe,,vnc-clipboard,TRUE,Remote Access,https://realvnc.com/en/connect/download/vnc,2/14/2024
VNC,,vncviewer.exe,,vnc-print,TRUE,Remote Access,https://realvnc.com/en/connect/download/vnc,2/14/2024
VNC,,vncserverui.exe,,vnc-encrypted,TRUE,Remote Access,https://realvnc.com/en/connect/download/vnc,2/14/2024
VNC,,winwvc.exe,,vnc-filetransfer,TRUE,Remote Access,https://realvnc.com/en/connect/download/vnc,2/14/2024
VNC,,winvncsc.exe,,vnc-base,TRUE,Remote Access,https://realvnc.com/en/connect/download/vnc,2/14/2024
VNC,,,,vnc-http,TRUE,Remote Access,https://realvnc.com/en/connect/download/vnc,2/14/2024
WebEx (Remote Access),,,,,TRUE,Remote Access,https://help.webex.com/en-us/article/nyc3q0b/Set-Up-a-Computer-for-Remote-Access,2/14/2024
WebRDP,user_managed,webrdp.exe,,,TRUE,RMM,github.com/Mikej81/WebRDP,2/14/2024
Weezo,*.weezo.me,weezohttpd.exe,Peer 2 World,,TRUE,RMM,weezo.en.softonic.com,2/14/2024
Weezo,weezo.net,weezo.exe,Weezo*,,TRUE,RMM,weezo.en.softonic.com,2/14/2024
Weezo,*.weezo.net,weezo setup*.exe,,,TRUE,RMM,weezo.en.softonic.com,2/14/2024
Xeox,xeox.com,xeox-agent_*.exe,,,TRUE,RMM,https://help.xeox.com/knowledge-base/gSuyNfDH6u79M82utnswf2/firewall-settings-xeox-agent-and-integrations/47T7S9tZJ2L1Z2W5gwuXoW,2/14/2024
Xeox,*.xeox.com,xeox_service_windows.exe,,,TRUE,RMM,https://help.xeox.com/knowledge-base/gSuyNfDH6u79M82utnswf2/firewall-settings-xeox-agent-and-integrations/47T7S9tZJ2L1Z2W5gwuXoW,2/14/2024
Zabbix Agent,user_managed,zabbix_agent*.exe,Zabbix*,,TRUE,RMM,https://www.zabbix.com/documentation/current/en/manual/appendix/install/windows_agent,2/14/2024
ZeroTier,zerotier.com,zerotier*.msi,ZeroTier*,,TRUE,RMM,https://my.zerotier.com/,2/14/2024
ZeroTier,*.zerotier.com,zerotier*.exe,zero-powesrhell*,,TRUE,RMM,https://my.zerotier.com/,2/14/2024
ZeroTier,,zero-powershell.exe,,,TRUE,RMM,https://my.zerotier.com/,2/14/2024
Zoho Assist,*.zoho.com,za_connect.exe,Zoho*,,TRUE,RMM,https://www.zoho.com/assist/kb/firewall-configuration.html,2/14/2024
Zoho Assist,*.zoho.eu,zaservice.exe,,,TRUE,RMM,https://www.zoho.com/assist/kb/firewall-configuration.html,2/14/2024
Zoho Assist,*.zoho.in,zohotray.exe,,,TRUE,RMM,https://www.zoho.com/assist/kb/firewall-configuration.html,2/14/2024
Zoho Assist,*.zoho.com.au,ZohoMeeting.exe,,,TRUE,RMM,https://www.zoho.com/assist/kb/firewall-configuration.html,2/14/2024
Zoho Assist,*.zoho.com.cn,Zohours.exe,,,TRUE,RMM,https://www.zoho.com/assist/kb/firewall-configuration.html,2/14/2024
Zoho Assist,*.zohoassist.com,ZohoURSService.exe,,,TRUE,RMM,https://www.zoho.com/assist/kb/firewall-configuration.html,2/14/2024
Zoho Assist,*.zohoassist.jp,ZMAgent.exe,,,TRUE,RMM,https://www.zoho.com/assist/kb/firewall-configuration.html,2/14/2024
Zoho Assist,*.zohoassist.com.cn,,,,TRUE,RMM,https://www.zoho.com/assist/kb/firewall-configuration.html,2/14/2024
Zoho Assist,downloads.zohodl.com.cn,,,,TRUE,RMM,https://www.zoho.com/assist/kb/firewall-configuration.html,2/14/2024
Zoho Assist,downloads.zohocdn.com,,,,TRUE,RMM,https://www.zoho.com/assist/kb/firewall-configuration.html,2/14/2024
Zoho Assist,gateway.zohoassist.com,,,,TRUE,RMM,https://www.zoho.com/assist/kb/firewall-configuration.html,2/14/2024
