detection_name,cim_version,supported_tas,tas_with_cim_mapping
cloud_compute_instance_created_in_previously_unused_region,5.0.0,Splunk_TA_aws-kinesis-firehose,Splunk_TA_aws-kinesis-firehose
cloud_compute_instance_created_with_previously_unseen_instance_type,5.0.0,Splunk_TA_aws-kinesis-firehose,Splunk_TA_aws-kinesis-firehose
abnormally_high_number_of_cloud_security_group_api_calls,5.0.0,Splunk_TA_aws-kinesis-firehose,"Splunk_TA_juniper, Splunk_TA_ossec, Splunk_TA_citrix-netscaler, Splunk_TA_nix, Splunk_TA_cyberark, Splunk_TA_salesforce, Splunk_TA_rsa_securid_cas, Splunk_TA_box, splunk_ta_o365, Splunk_TA_rsa-securid, Splunk_TA_cisco-asa, Splunk_TA_aws-kinesis-firehose, Splunk_TA_infoblox"
abnormally_high_number_of_cloud_infrastructure_api_calls,5.0.0,Splunk_TA_aws-kinesis-firehose,"Splunk_TA_juniper, Splunk_TA_ossec, Splunk_TA_citrix-netscaler, Splunk_TA_nix, Splunk_TA_cyberark, Splunk_TA_salesforce, Splunk_TA_rsa_securid_cas, Splunk_TA_box, splunk_ta_o365, Splunk_TA_rsa-securid, Splunk_TA_cisco-asa, Splunk_TA_aws-kinesis-firehose, Splunk_TA_infoblox"
cloud_provisioning_from_previously_unseen_region,5.0.0,Splunk_TA_aws-kinesis-firehose,"Splunk_TA_juniper, Splunk_TA_citrix-netscaler, Splunk_TA_cyberark, Splunk_TA_salesforce, Splunk_TA_rsa_securid_cas, Splunk_TA_box, splunk_ta_o365, Splunk_TA_rsa-securid, Splunk_TA_cisco-asa, Splunk_TA_aws-kinesis-firehose, Splunk_TA_infoblox"
cloud_provisioning_from_previously_unseen_city,5.0.0,Splunk_TA_aws-kinesis-firehose,"Splunk_TA_juniper, Splunk_TA_citrix-netscaler, Splunk_TA_cyberark, Splunk_TA_salesforce, Splunk_TA_rsa_securid_cas, Splunk_TA_box, splunk_ta_o365, Splunk_TA_rsa-securid, Splunk_TA_cisco-asa, Splunk_TA_aws-kinesis-firehose, Splunk_TA_infoblox"
cloud_compute_instance_created_with_previously_unseen_image,5.0.0,Splunk_TA_aws-kinesis-firehose,Splunk_TA_aws-kinesis-firehose
cloud_provisioning_from_previously_unseen_ip_address,5.0.0,Splunk_TA_aws-kinesis-firehose,"Splunk_TA_juniper, Splunk_TA_citrix-netscaler, Splunk_TA_cyberark, Splunk_TA_salesforce, Splunk_TA_rsa_securid_cas, Splunk_TA_box, splunk_ta_o365, Splunk_TA_rsa-securid, Splunk_TA_aws-kinesis-firehose"
cloud_instance_modified_with_previously_unseen_user,5.0.0,Splunk_TA_aws-kinesis-firehose,"Splunk_TA_juniper, Splunk_TA_ossec, Splunk_TA_citrix-netscaler, Splunk_TA_nix, Splunk_TA_cyberark, Splunk_TA_salesforce, Splunk_TA_rsa_securid_cas, Splunk_TA_box, splunk_ta_o365, Splunk_TA_rsa-securid, Splunk_TA_aws-kinesis-firehose"
cloud_compute_instance_created_by_previously_unseen_user,5.0.0,Splunk_TA_aws-kinesis-firehose,Splunk_TA_aws-kinesis-firehose
cloud_api_calls_from_previously_unseen_user_roles,5.0.0,Splunk_TA_aws-kinesis-firehose,"Splunk_TA_salesforce, Splunk_TA_rsa_securid_cas, Splunk_TA_box, splunk_ta_o365, Splunk_TA_aws-kinesis-firehose, Splunk_TA_infoblox"
cloud_provisioning_from_previously_unseen_country,5.0.0,Splunk_TA_aws-kinesis-firehose,"Splunk_TA_juniper, Splunk_TA_citrix-netscaler, Splunk_TA_cyberark, Splunk_TA_salesforce, Splunk_TA_rsa_securid_cas, Splunk_TA_box, splunk_ta_o365, Splunk_TA_rsa-securid, Splunk_TA_cisco-asa, Splunk_TA_aws-kinesis-firehose, Splunk_TA_infoblox"
windows_service_initiation_on_remote_endpoint,5.0.0,Splunk_TA_microsoft_sysmon,Splunk_TA_microsoft_sysmon
detect_regsvcs_spawning_a_process,5.0.0,Splunk_TA_microsoft_sysmon,"Splunk_TA_microsoft_sysmon, Splunk_TA_bit9-carbonblack"
process_kill_base_on_file_path,5.0.0,Splunk_TA_microsoft_sysmon,Splunk_TA_microsoft_sysmon
schtasks_scheduling_job_on_remote_system,5.0.0,Splunk_TA_microsoft_sysmon,"Splunk_TA_microsoft_sysmon, Splunk_TA_bit9-carbonblack, Splunk_TA_CrowdStrike_FDR"
shim_database_installation_with_suspicious_parameters,5.0.0,Splunk_TA_microsoft_sysmon,"Splunk_TA_microsoft_sysmon, Splunk_TA_bit9-carbonblack, Splunk_TA_CrowdStrike_FDR"
disabling_firewall_with_netsh,5.0.0,Splunk_TA_microsoft_sysmon,Splunk_TA_microsoft_sysmon
domain_controller_discovery_with_nltest,5.0.0,Splunk_TA_microsoft_sysmon,Splunk_TA_microsoft_sysmon
detect_rundll32_application_control_bypass___syssetup,5.0.0,Splunk_TA_microsoft_sysmon,Splunk_TA_microsoft_sysmon
disable_defender_mpengine_registry,5.0.0,Splunk_TA_microsoft_sysmon,Splunk_TA_microsoft_sysmon
slui_runas_elevated,5.0.0,Splunk_TA_microsoft_sysmon,"Splunk_TA_microsoft_sysmon, Splunk_TA_bit9-carbonblack"
windows_hide_notification_features_through_registry,5.0.0,Splunk_TA_microsoft_sysmon,"Splunk_TA_microsoft_sysmon, Splunk_TA_bit9-carbonblack"
silentcleanup_uac_bypass,5.0.0,Splunk_TA_microsoft_sysmon,"Splunk_TA_microsoft_sysmon, Splunk_TA_bit9-carbonblack"
deleting_shadow_copies,5.0.0,Splunk_TA_microsoft_sysmon,Splunk_TA_microsoft_sysmon
clop_common_exec_parameter,5.0.0,Splunk_TA_microsoft_sysmon,Splunk_TA_microsoft_sysmon
disable_defender_spynet_reporting,5.0.0,Splunk_TA_microsoft_sysmon,Splunk_TA_microsoft_sysmon
wsreset_uac_bypass,5.0.0,Splunk_TA_microsoft_sysmon,"Splunk_TA_microsoft_sysmon, Splunk_TA_bit9-carbonblack"
windows_nirsoft_advancedrun,5.0.0,Splunk_TA_microsoft_sysmon,Splunk_TA_microsoft_sysmon
resize_shadowstorage_volume,5.0.0,Splunk_TA_microsoft_sysmon,"Splunk_TA_microsoft_sysmon, Splunk_TA_bit9-carbonblack"
attempted_credential_dump_from_registry_via_reg_exe,5.0.0,Splunk_TA_microsoft_sysmon,Splunk_TA_microsoft_sysmon
suspicious_process_file_path,5.0.0,Splunk_TA_microsoft_sysmon,"Splunk_TA_microsoft_sysmon, Splunk_TA_bit9-carbonblack"
slui_spawning_a_process,5.0.0,Splunk_TA_microsoft_sysmon,"Splunk_TA_microsoft_sysmon, Splunk_TA_bit9-carbonblack"
wermgr_process_spawned_cmd_or_powershell_process,5.0.0,Splunk_TA_microsoft_sysmon,Splunk_TA_microsoft_sysmon
disable_defender_submit_samples_consent_feature,5.0.0,Splunk_TA_microsoft_sysmon,Splunk_TA_microsoft_sysmon
windows_disableantispyware_reg,5.0.0,Splunk_TA_microsoft_sysmon,"Splunk_TA_microsoft_sysmon, Splunk_TA_bit9-carbonblack"
disabling_norun_windows_app,5.0.0,Splunk_TA_microsoft_sysmon,"Splunk_TA_microsoft_sysmon, Splunk_TA_bit9-carbonblack"
single_letter_process_on_endpoint,5.0.0,Splunk_TA_microsoft_sysmon,"Splunk_TA_nix, Splunk_TA_microsoft_sysmon, Splunk_TA_bit9-carbonblack, Splunk_TA_windows, Splunk_TA_cyberark_epm, Splunk_TA_CrowdStrike_FDR"
batch_file_write_to_system32,5.0.0,Splunk_TA_microsoft_sysmon,"Splunk_TA_nix, Splunk_TA_microsoft_sysmon, Splunk_TA_bit9-carbonblack, Splunk_TA_windows, Splunk_TA_CrowdStrike_FDR"
disabling_folderoptions_windows_feature,5.0.0,,"Splunk_TA_microsoft_sysmon, Splunk_TA_bit9-carbonblack"
linux_system_network_discovery,5.0.0,,"Splunk_TA_microsoft_sysmon, Splunk_TA_bit9-carbonblack, Splunk_TA_CrowdStrike_FDR"
windows_curl_upload_to_remote_destination,5.0.0,Splunk_TA_microsoft_sysmon,Splunk_TA_microsoft_sysmon
windows_disable_lock_workstation_feature_through_registry,5.0.0,Splunk_TA_microsoft_sysmon,"Splunk_TA_microsoft_sysmon, Splunk_TA_bit9-carbonblack"
wsmprovhost_exe_lolbas_execution_process_spawn,5.0.0,Splunk_TA_microsoft_sysmon,Splunk_TA_microsoft_sysmon
winword_spawning_cmd,5.0.0,Splunk_TA_microsoft_sysmon,Splunk_TA_microsoft_sysmon
malicious_powershell_process___execution_policy_bypass,5.0.0,Splunk_TA_microsoft_sysmon,Splunk_TA_microsoft_sysmon
vbscript_execution_using_wscript_app,5.0.0,Splunk_TA_microsoft_sysmon,Splunk_TA_microsoft_sysmon
ntdsutil_export_ntds,5.0.0,Splunk_TA_microsoft_sysmon,"Splunk_TA_microsoft_sysmon, Splunk_TA_bit9-carbonblack"
detect_mshta_url_in_command_line,5.0.0,Splunk_TA_microsoft_sysmon,Splunk_TA_microsoft_sysmon
jscript_execution_using_cscript_app,5.0.0,Splunk_TA_microsoft_sysmon,"Splunk_TA_microsoft_sysmon, Splunk_TA_bit9-carbonblack"
add_defaultuser_and_password_in_registry,5.0.0,Splunk_TA_microsoft_sysmon,"Splunk_TA_microsoft_sysmon, Splunk_TA_bit9-carbonblack"
windows_adfind_exe,5.0.0,Splunk_TA_microsoft_sysmon,"Splunk_TA_microsoft_sysmon, Splunk_TA_bit9-carbonblack"
fsutil_zeroing_file,5.0.0,Splunk_TA_microsoft_sysmon,"Splunk_TA_microsoft_sysmon, Splunk_TA_bit9-carbonblack"
detect_rclone_command_line_usage,5.0.0,Splunk_TA_microsoft_sysmon,Splunk_TA_microsoft_sysmon
remote_process_instantiation_via_wmi,5.0.0,Splunk_TA_microsoft_sysmon,Splunk_TA_microsoft_sysmon
linux_possible_append_command_to_profile_config_file,5.0.0,,"Splunk_TA_microsoft_sysmon, Splunk_TA_bit9-carbonblack, Splunk_TA_CrowdStrike_FDR"
nishang_powershelltcponeline,5.0.0,Splunk_TA_microsoft_sysmon,Splunk_TA_microsoft_sysmon
excessive_usage_of_net_app,5.0.0,Splunk_TA_microsoft_sysmon,Splunk_TA_microsoft_sysmon
start_up_during_safe_mode_boot,5.0.0,Splunk_TA_microsoft_sysmon,"Splunk_TA_microsoft_sysmon, Splunk_TA_bit9-carbonblack"
detect_sharphound_usage,5.0.0,Splunk_TA_microsoft_sysmon,Splunk_TA_microsoft_sysmon
dump_lsass_via_procdump,5.0.0,Splunk_TA_microsoft_sysmon,"Splunk_TA_microsoft_sysmon, Splunk_TA_bit9-carbonblack, Splunk_TA_CrowdStrike_FDR"
domain_account_discovery_with_net_app,5.0.0,Splunk_TA_microsoft_sysmon,"Splunk_TA_microsoft_sysmon, Splunk_TA_bit9-carbonblack"
etw_registry_disabled,5.0.0,Splunk_TA_microsoft_sysmon,Splunk_TA_microsoft_sysmon
windows_disable_shutdown_button_through_registry,5.0.0,Splunk_TA_microsoft_sysmon,"Splunk_TA_microsoft_sysmon, Splunk_TA_bit9-carbonblack"
windows_modify_show_compress_color_and_info_tip_registry,5.0.0,Splunk_TA_microsoft_sysmon,"Splunk_TA_microsoft_sysmon, Splunk_TA_bit9-carbonblack"
msbuild_suspicious_spawned_by_script_process,5.0.0,Splunk_TA_microsoft_sysmon,Splunk_TA_microsoft_sysmon
excessive_usage_of_taskkill,5.0.0,Splunk_TA_microsoft_sysmon,"Splunk_TA_microsoft_sysmon, Splunk_TA_bit9-carbonblack, Splunk_TA_CrowdStrike_FDR"
windows_raccine_scheduled_task_deletion,5.0.0,Splunk_TA_microsoft_sysmon,Splunk_TA_microsoft_sysmon
remcos_client_registry_install_entry,5.0.0,Splunk_TA_microsoft_sysmon,Splunk_TA_microsoft_sysmon
suspicious_rundll32_startw,5.0.0,Splunk_TA_microsoft_sysmon,Splunk_TA_microsoft_sysmon
detect_psexec_with_accepteula_flag,5.0.0,Splunk_TA_microsoft_sysmon,Splunk_TA_microsoft_sysmon
get_aduserresultantpasswordpolicy_with_powershell,5.0.0,Splunk_TA_microsoft_sysmon,"Splunk_TA_microsoft_sysmon, Splunk_TA_bit9-carbonblack"
allow_file_and_printing_sharing_in_firewall,5.0.0,Splunk_TA_microsoft_sysmon,Splunk_TA_microsoft_sysmon
eventvwr_uac_bypass,5.0.0,Splunk_TA_microsoft_sysmon,"Splunk_TA_microsoft_sysmon, Splunk_TA_bit9-carbonblack"
regsvr32_silent_and_install_param_dll_loading,5.0.0,Splunk_TA_microsoft_sysmon,Splunk_TA_microsoft_sysmon
detect_regsvcs_with_no_command_line_arguments,5.0.0,Splunk_TA_microsoft_sysmon,Splunk_TA_microsoft_sysmon
change_to_safe_mode_with_network_config,5.0.0,Splunk_TA_microsoft_sysmon,"Splunk_TA_microsoft_sysmon, Splunk_TA_bit9-carbonblack"
control_loading_from_world_writable_directory,5.0.0,Splunk_TA_microsoft_sysmon,Splunk_TA_microsoft_sysmon
suspicious_scheduled_task_from_public_directory,5.0.0,Splunk_TA_microsoft_sysmon,"Splunk_TA_microsoft_sysmon, Splunk_TA_bit9-carbonblack"
cmd_echo_pipe___escalation,5.0.0,Splunk_TA_microsoft_sysmon,Splunk_TA_microsoft_sysmon
linux_possible_append_command_to_at_allow_config_file,5.0.0,,"Splunk_TA_microsoft_sysmon, Splunk_TA_bit9-carbonblack, Splunk_TA_CrowdStrike_FDR"
winhlp32_spawning_a_process,5.0.0,Splunk_TA_microsoft_sysmon,Splunk_TA_microsoft_sysmon
linux_doas_conf_file_creation,5.0.0,,"Splunk_TA_microsoft_sysmon, Splunk_TA_bit9-carbonblack"
permission_modification_using_takeown_app,5.0.0,Splunk_TA_microsoft_sysmon,"Splunk_TA_microsoft_sysmon, Splunk_TA_bit9-carbonblack"
detect_rundll32_application_control_bypass___advpack,5.0.0,Splunk_TA_microsoft_sysmon,Splunk_TA_microsoft_sysmon
create_or_delete_windows_shares_using_net_exe,5.0.0,Splunk_TA_microsoft_sysmon,Splunk_TA_microsoft_sysmon
anomalous_usage_of_7zip,5.0.0,Splunk_TA_microsoft_sysmon,"Splunk_TA_microsoft_sysmon, Splunk_TA_bit9-carbonblack"
linux_install_kernel_module_using_modprobe_utility,5.0.0,,"Splunk_TA_microsoft_sysmon, Splunk_TA_bit9-carbonblack, Splunk_TA_CrowdStrike_FDR"
windows_remote_assistance_spawning_process,5.0.0,Splunk_TA_microsoft_sysmon,Splunk_TA_microsoft_sysmon
domain_account_discovery_with_wmic,5.0.0,Splunk_TA_microsoft_sysmon,"Splunk_TA_microsoft_sysmon, Splunk_TA_bit9-carbonblack"
linux_change_file_owner_to_root,5.0.0,,"Splunk_TA_microsoft_sysmon, Splunk_TA_bit9-carbonblack, Splunk_TA_CrowdStrike_FDR"
executables_or_script_creation_in_suspicious_path,5.0.0,Splunk_TA_microsoft_sysmon,"Splunk_TA_microsoft_sysmon, Splunk_TA_bit9-carbonblack, Splunk_TA_CrowdStrike_FDR"
suspicious_copy_on_system32,5.0.0,Splunk_TA_microsoft_sysmon,Splunk_TA_microsoft_sysmon
certutil_download_with_urlcache_and_split_arguments,5.0.0,Splunk_TA_microsoft_sysmon,Splunk_TA_microsoft_sysmon
hiding_files_and_directories_with_attrib_exe,5.0.0,Splunk_TA_microsoft_sysmon,"Splunk_TA_microsoft_sysmon, Splunk_TA_bit9-carbonblack, Splunk_TA_windows"
enable_rdp_in_other_port_number,5.0.0,Splunk_TA_microsoft_sysmon,"Splunk_TA_microsoft_sysmon, Splunk_TA_bit9-carbonblack"
dsquery_domain_discovery,5.0.0,Splunk_TA_microsoft_sysmon,"Splunk_TA_microsoft_sysmon, Splunk_TA_bit9-carbonblack, Splunk_TA_CrowdStrike_FDR"
credential_dumping_via_copy_command_from_shadow_copy,5.0.0,Splunk_TA_microsoft_sysmon,Splunk_TA_microsoft_sysmon
get_foresttrust_with_powershell,5.0.0,Splunk_TA_microsoft_sysmon,Splunk_TA_microsoft_sysmon
malicious_powershell_process_with_obfuscation_techniques,5.0.0,Splunk_TA_microsoft_sysmon,Splunk_TA_microsoft_sysmon
creation_of_shadow_copy,5.0.0,Splunk_TA_microsoft_sysmon,Splunk_TA_microsoft_sysmon
any_powershell_downloadstring,5.0.0,Splunk_TA_microsoft_sysmon,Splunk_TA_microsoft_sysmon
bcdedit_command_back_to_normal_mode_boot,5.0.0,Splunk_TA_microsoft_sysmon,"Splunk_TA_microsoft_sysmon, Splunk_TA_bit9-carbonblack"
detect_html_help_url_in_command_line,5.0.0,Splunk_TA_microsoft_sysmon,Splunk_TA_microsoft_sysmon
windows_service_creation_using_registry_entry,5.0.0,Splunk_TA_microsoft_sysmon,"Splunk_TA_microsoft_sysmon, Splunk_TA_bit9-carbonblack"
dump_lsass_via_comsvcs_dll,5.0.0,Splunk_TA_microsoft_sysmon,Splunk_TA_microsoft_sysmon
windows_curl_download_to_suspicious_path,5.0.0,Splunk_TA_microsoft_sysmon,Splunk_TA_microsoft_sysmon
powershell_disable_security_monitoring,5.0.0,Splunk_TA_microsoft_sysmon,Splunk_TA_microsoft_sysmon
icacls_grant_command,5.0.0,Splunk_TA_microsoft_sysmon,"Splunk_TA_microsoft_sysmon, Splunk_TA_bit9-carbonblack, Splunk_TA_CrowdStrike_FDR"
disable_defender_blockatfirstseen_feature,5.0.0,Splunk_TA_microsoft_sysmon,Splunk_TA_microsoft_sysmon
nltest_domain_trust_discovery,5.0.0,Splunk_TA_microsoft_sysmon,"Splunk_TA_microsoft_sysmon, Splunk_TA_bit9-carbonblack"
disable_amsi_through_registry,5.0.0,Splunk_TA_microsoft_sysmon,"Splunk_TA_microsoft_sysmon, Splunk_TA_bit9-carbonblack"
detect_mshta_inline_hta_execution,5.0.0,Splunk_TA_microsoft_sysmon,Splunk_TA_microsoft_sysmon
windows_rasautou_dll_execution,5.0.0,Splunk_TA_microsoft_sysmon,Splunk_TA_microsoft_sysmon
mmc_exe_lolbas_execution_process_spawn,5.0.0,Splunk_TA_microsoft_sysmon,Splunk_TA_microsoft_sysmon
recursive_delete_of_directory_in_batch_cmd,5.0.0,Splunk_TA_microsoft_sysmon,Splunk_TA_microsoft_sysmon
revil_registry_entry,5.0.0,Splunk_TA_microsoft_sysmon,"Splunk_TA_microsoft_sysmon, Splunk_TA_bit9-carbonblack"
linux_file_created_in_kernel_driver_directory,5.0.0,,"Splunk_TA_microsoft_sysmon, Splunk_TA_bit9-carbonblack"
system_information_discovery_detection,5.0.0,Splunk_TA_microsoft_sysmon,"Splunk_TA_nix, Splunk_TA_microsoft_sysmon, Splunk_TA_bit9-carbonblack, Splunk_TA_windows, Splunk_TA_cyberark_epm, Splunk_TA_CrowdStrike_FDR"
uninstall_app_using_msiexec,5.0.0,Splunk_TA_microsoft_sysmon,"Splunk_TA_microsoft_sysmon, Splunk_TA_bit9-carbonblack"
detect_rundll32_application_control_bypass___setupapi,5.0.0,Splunk_TA_microsoft_sysmon,Splunk_TA_microsoft_sysmon
w3wp_spawning_shell,5.0.0,Splunk_TA_microsoft_sysmon,Splunk_TA_microsoft_sysmon
powershell_start_bitstransfer,5.0.0,Splunk_TA_microsoft_sysmon,Splunk_TA_microsoft_sysmon
detect_regasm_spawning_a_process,5.0.0,Splunk_TA_microsoft_sysmon,"Splunk_TA_microsoft_sysmon, Splunk_TA_bit9-carbonblack"
hide_user_account_from_sign_in_screen,5.0.0,Splunk_TA_microsoft_sysmon,"Splunk_TA_microsoft_sysmon, Splunk_TA_bit9-carbonblack"
get_domaintrust_with_powershell,5.0.0,Splunk_TA_microsoft_sysmon,Splunk_TA_microsoft_sysmon
samsam_test_file_write,5.0.0,Splunk_TA_microsoft_sysmon,"Splunk_TA_nix, Splunk_TA_microsoft_sysmon, Splunk_TA_bit9-carbonblack, Splunk_TA_cyberark, Splunk_TA_sophos, Splunk_TA_windows, splunk_ta_o365, Splunk_TA_CrowdStrike_FDR"
prevent_automatic_repair_mode_using_bcdedit,5.0.0,Splunk_TA_microsoft_sysmon,"Splunk_TA_microsoft_sysmon, Splunk_TA_bit9-carbonblack"
detect_regsvr32_application_control_bypass,5.0.0,Splunk_TA_microsoft_sysmon,Splunk_TA_microsoft_sysmon
disable_defender_antivirus_registry,5.0.0,Splunk_TA_microsoft_sysmon,Splunk_TA_microsoft_sysmon
schtasks_used_for_forcing_a_reboot,5.0.0,Splunk_TA_microsoft_sysmon,"Splunk_TA_microsoft_sysmon, Splunk_TA_bit9-carbonblack, Splunk_TA_CrowdStrike_FDR"
svchost_exe_lolbas_execution_process_spawn,5.0.0,,Splunk_TA_microsoft_sysmon
windows_installutil_uninstall_option,5.0.0,Splunk_TA_microsoft_sysmon,Splunk_TA_microsoft_sysmon
account_discovery_with_net_app,5.0.0,Splunk_TA_microsoft_sysmon,Splunk_TA_microsoft_sysmon
disabling_systemrestore_in_registry,5.0.0,Splunk_TA_microsoft_sysmon,"Splunk_TA_microsoft_sysmon, Splunk_TA_bit9-carbonblack"
linux_possible_ssh_key_file_creation,5.0.0,,"Splunk_TA_microsoft_sysmon, Splunk_TA_bit9-carbonblack"
linux_nopasswd_entry_in_sudoers_file,5.0.0,,"Splunk_TA_microsoft_sysmon, Splunk_TA_bit9-carbonblack, Splunk_TA_CrowdStrike_FDR"
create_local_admin_accounts_using_net_exe,5.0.0,Splunk_TA_microsoft_sysmon,Splunk_TA_microsoft_sysmon
detect_processes_used_for_system_network_configuration_discovery,5.0.0,Splunk_TA_microsoft_sysmon,Splunk_TA_microsoft_sysmon
processes_launching_netsh,5.0.0,Splunk_TA_microsoft_sysmon,"Splunk_TA_microsoft_sysmon, Splunk_TA_bit9-carbonblack"
excessive_distinct_processes_from_windows_temp,5.0.0,Splunk_TA_windows,"Splunk_TA_nix, Splunk_TA_microsoft_sysmon, Splunk_TA_bit9-carbonblack, Splunk_TA_windows, Splunk_TA_cyberark_epm, Splunk_TA_CrowdStrike_FDR"
wget_download_and_bash_execution,5.0.0,,"Splunk_TA_microsoft_sysmon, Splunk_TA_bit9-carbonblack"
process_creating_lnk_file_in_suspicious_location,5.0.0,Splunk_TA_microsoft_sysmon,"Splunk_TA_microsoft_sysmon, Splunk_TA_bit9-carbonblack, Splunk_TA_CrowdStrike_FDR"
disable_uac_remote_restriction,5.0.0,Splunk_TA_microsoft_sysmon,Splunk_TA_microsoft_sysmon
bcdedit_failure_recovery_modification,5.0.0,Splunk_TA_microsoft_sysmon,"Splunk_TA_microsoft_sysmon, Splunk_TA_bit9-carbonblack, Splunk_TA_CrowdStrike_FDR"
services_escalate_exe,5.0.0,Splunk_TA_microsoft_sysmon,"Splunk_TA_microsoft_sysmon, Splunk_TA_bit9-carbonblack"
scheduled_task_deleted_or_created_via_cmd,5.0.0,Splunk_TA_microsoft_sysmon,"Splunk_TA_microsoft_sysmon, Splunk_TA_bit9-carbonblack"
wscript_or_cscript_suspicious_child_process,5.0.0,Splunk_TA_microsoft_sysmon,Splunk_TA_microsoft_sysmon
linux_at_application_execution,5.0.0,,"Splunk_TA_microsoft_sysmon, Splunk_TA_bit9-carbonblack, Splunk_TA_CrowdStrike_FDR"
windows_disable_logoff_button_through_registry,5.0.0,Splunk_TA_microsoft_sysmon,"Splunk_TA_microsoft_sysmon, Splunk_TA_bit9-carbonblack"
sdclt_uac_bypass,5.0.0,Splunk_TA_microsoft_sysmon,"Splunk_TA_microsoft_sysmon, Splunk_TA_bit9-carbonblack"
clear_unallocated_sector_using_cipher_app,5.0.0,Splunk_TA_microsoft_sysmon,Splunk_TA_microsoft_sysmon
usn_journal_deletion,5.0.0,Splunk_TA_microsoft_sysmon,"Splunk_TA_microsoft_sysmon, Splunk_TA_bit9-carbonblack"
certutil_with_decode_argument,5.0.0,Splunk_TA_microsoft_sysmon,Splunk_TA_microsoft_sysmon
linux_service_restarted,5.0.0,,"Splunk_TA_microsoft_sysmon, Splunk_TA_bit9-carbonblack, Splunk_TA_CrowdStrike_FDR"
credential_dumping_via_symlink_to_shadow_copy,5.0.0,Splunk_TA_microsoft_sysmon,Splunk_TA_microsoft_sysmon
conti_common_exec_parameter,5.0.0,Splunk_TA_microsoft_sysmon,Splunk_TA_microsoft_sysmon
fodhelper_uac_bypass,5.0.0,Splunk_TA_microsoft_sysmon,"Splunk_TA_microsoft_sysmon, Splunk_TA_bit9-carbonblack"
disable_schedule_task,5.0.0,Splunk_TA_microsoft_sysmon,"Splunk_TA_microsoft_sysmon, Splunk_TA_bit9-carbonblack, Splunk_TA_CrowdStrike_FDR"
detect_azurehound_command_line_arguments,5.0.0,Splunk_TA_microsoft_sysmon,Splunk_TA_microsoft_sysmon
remote_wmi_command_attempt,5.0.0,Splunk_TA_microsoft_sysmon,"Splunk_TA_microsoft_sysmon, Splunk_TA_bit9-carbonblack"
linux_file_creation_in_init_boot_directory,5.0.0,,"Splunk_TA_microsoft_sysmon, Splunk_TA_bit9-carbonblack"
active_setup_registry_autostart,5.0.0,Splunk_TA_microsoft_sysmon,"Splunk_TA_microsoft_sysmon, Splunk_TA_bit9-carbonblack"
linux_possible_access_to_credential_files,5.0.0,,"Splunk_TA_microsoft_sysmon, Splunk_TA_bit9-carbonblack, Splunk_TA_CrowdStrike_FDR"
disabling_controlpanel,5.0.0,Splunk_TA_microsoft_sysmon,"Splunk_TA_microsoft_sysmon, Splunk_TA_bit9-carbonblack"
possible_lateral_movement_powershell_spawn,5.0.0,Splunk_TA_microsoft_sysmon,Splunk_TA_microsoft_sysmon
dns_exfiltration_using_nslookup_app,5.0.0,Splunk_TA_microsoft_sysmon,Splunk_TA_microsoft_sysmon
detect_path_interception_by_creation_of_program_exe,5.0.0,Splunk_TA_microsoft_sysmon,Splunk_TA_microsoft_sysmon
linux_visudo_utility_execution,5.0.0,,"Splunk_TA_microsoft_sysmon, Splunk_TA_bit9-carbonblack, Splunk_TA_CrowdStrike_FDR"
elevated_group_discovery_with_wmic,5.0.0,Splunk_TA_microsoft_sysmon,Splunk_TA_microsoft_sysmon
suspicious_regsvr32_register_suspicious_path,5.0.0,Splunk_TA_microsoft_sysmon,Splunk_TA_microsoft_sysmon
suspicious_rundll32_plugininit,5.0.0,Splunk_TA_microsoft_sysmon,Splunk_TA_microsoft_sysmon
bits_job_persistence,5.0.0,Splunk_TA_microsoft_sysmon,Splunk_TA_microsoft_sysmon
sc_exe_manipulating_windows_services,5.0.0,Splunk_TA_microsoft_sysmon,"Splunk_TA_microsoft_sysmon, Splunk_TA_bit9-carbonblack, Splunk_TA_CrowdStrike_FDR"
excessive_number_of_taskhost_processes,5.0.0,Splunk_TA_windows,"Splunk_TA_nix, Splunk_TA_microsoft_sysmon, Splunk_TA_bit9-carbonblack, Splunk_TA_windows, Splunk_TA_CrowdStrike_FDR"
scheduled_task_initiation_on_remote_endpoint,5.0.0,Splunk_TA_microsoft_sysmon,Splunk_TA_microsoft_sysmon
bitsadmin_download_file,5.0.0,Splunk_TA_microsoft_sysmon,Splunk_TA_microsoft_sysmon
office_product_spawning_rundll32_with_no_dll,5.0.0,Splunk_TA_microsoft_sysmon,Splunk_TA_microsoft_sysmon
disable_registry_tool,5.0.0,Splunk_TA_microsoft_sysmon,"Splunk_TA_microsoft_sysmon, Splunk_TA_bit9-carbonblack"
curl_download_and_bash_execution,5.0.0,,"Splunk_TA_microsoft_sysmon, Splunk_TA_bit9-carbonblack"
elevated_group_discovery_with_net,5.0.0,Splunk_TA_microsoft_sysmon,Splunk_TA_microsoft_sysmon
disabling_cmd_application,5.0.0,Splunk_TA_microsoft_sysmon,"Splunk_TA_microsoft_sysmon, Splunk_TA_bit9-carbonblack"
short_lived_windows_accounts,5.0.0,,"Splunk_TA_cyberark, Splunk_TA_microsoft-cloudservices, Splunk_TA_rsa-securid, Splunk_TA_aws-kinesis-firehose"
spoolsv_writing_a_dll,5.0.0,Splunk_TA_microsoft_sysmon,"Splunk_TA_nix, Splunk_TA_microsoft_sysmon, Splunk_TA_bit9-carbonblack, Splunk_TA_CrowdStrike_FDR"
get_domainuser_with_powershell,5.0.0,Splunk_TA_microsoft_sysmon,"Splunk_TA_microsoft_sysmon, Splunk_TA_bit9-carbonblack"
ryuk_wake_on_lan_command,5.0.0,Splunk_TA_microsoft_sysmon,"Splunk_TA_microsoft_sysmon, Splunk_TA_bit9-carbonblack"
unified_messaging_service_spawning_a_process,5.0.0,Splunk_TA_microsoft_sysmon,"Splunk_TA_microsoft_sysmon, Splunk_TA_bit9-carbonblack"
getwmiobject_ds_user_with_powershell,5.0.0,Splunk_TA_microsoft_sysmon,"Splunk_TA_microsoft_sysmon, Splunk_TA_bit9-carbonblack"
office_application_spawn_regsvr32_process,5.0.0,Splunk_TA_microsoft_sysmon,Splunk_TA_microsoft_sysmon
disable_etw_through_registry,5.0.0,Splunk_TA_microsoft_sysmon,"Splunk_TA_microsoft_sysmon, Splunk_TA_bit9-carbonblack"
rundll32_with_no_command_line_arguments_with_network,5.0.0,Splunk_TA_microsoft_sysmon,Splunk_TA_microsoft_sysmon
office_product_spawning_mshta,5.0.0,Splunk_TA_microsoft_sysmon,Splunk_TA_microsoft_sysmon
excessive_number_of_service_control_start_as_disabled,5.0.0,Splunk_TA_microsoft_sysmon,"Splunk_TA_microsoft_sysmon, Splunk_TA_bit9-carbonblack"
certutil_download_with_verifyctl_and_split_arguments,5.0.0,Splunk_TA_microsoft_sysmon,Splunk_TA_microsoft_sysmon
suspicious_msbuild_spawn,5.0.0,Splunk_TA_microsoft_sysmon,Splunk_TA_microsoft_sysmon
execution_of_file_with_multiple_extensions,5.0.0,Splunk_TA_microsoft_sysmon,"Splunk_TA_microsoft_sysmon, Splunk_TA_bit9-carbonblack, Splunk_TA_windows"
office_product_spawn_cmd_process,5.0.0,Splunk_TA_microsoft_sysmon,Splunk_TA_microsoft_sysmon
windows_disable_memory_crash_dump,5.0.0,Splunk_TA_microsoft_sysmon,"Splunk_TA_microsoft_sysmon, Splunk_TA_bit9-carbonblack"
serviceprincipalnames_discovery_with_setspn,5.0.0,Splunk_TA_microsoft_sysmon,Splunk_TA_microsoft_sysmon
linux_doas_tool_execution,5.0.0,,"Splunk_TA_microsoft_sysmon, Splunk_TA_bit9-carbonblack, Splunk_TA_CrowdStrike_FDR"
suspicious_rundll32_dllregisterserver,5.0.0,Splunk_TA_microsoft_sysmon,Splunk_TA_microsoft_sysmon
disable_defender_enhanced_notification,5.0.0,Splunk_TA_microsoft_sysmon,Splunk_TA_microsoft_sysmon
suspicious_microsoft_workflow_compiler_usage,5.0.0,Splunk_TA_microsoft_sysmon,Splunk_TA_microsoft_sysmon
excessive_usage_of_cacls_app,5.0.0,Splunk_TA_microsoft_sysmon,"Splunk_TA_microsoft_sysmon, Splunk_TA_bit9-carbonblack, Splunk_TA_CrowdStrike_FDR"
remote_process_instantiation_via_winrm_and_powershell,5.0.0,Splunk_TA_microsoft_sysmon,Splunk_TA_microsoft_sysmon
getdomaincomputer_with_powershell,5.0.0,Splunk_TA_microsoft_sysmon,Splunk_TA_microsoft_sysmon
suspicious_icedid_rundll32_cmdline,5.0.0,Splunk_TA_microsoft_sysmon,Splunk_TA_microsoft_sysmon
linux_java_spawning_shell,5.0.0,,Splunk_TA_microsoft_sysmon
windows_schtasks_create_run_as_system,5.0.0,Splunk_TA_microsoft_sysmon,Splunk_TA_microsoft_sysmon
firewall_allowed_program_enable,5.0.0,Splunk_TA_microsoft_sysmon,"Splunk_TA_microsoft_sysmon, Splunk_TA_bit9-carbonblack"
suspicious_gpupdate_no_command_line_arguments,5.0.0,Splunk_TA_microsoft_sysmon,Splunk_TA_microsoft_sysmon
suspicious_mshta_spawn,5.0.0,Splunk_TA_microsoft_sysmon,Splunk_TA_microsoft_sysmon
revil_common_exec_parameter,5.0.0,Splunk_TA_microsoft_sysmon,"Splunk_TA_microsoft_sysmon, Splunk_TA_bit9-carbonblack"
wmic_xsl_execution_via_url,5.0.0,Splunk_TA_microsoft_sysmon,Splunk_TA_microsoft_sysmon
potentially_malicious_code_on_commandline,5.0.0,Splunk_TA_microsoft_sysmon,"Splunk_TA_microsoft_sysmon, Splunk_TA_bit9-carbonblack"
mimikatz_passtheticket_commandline_parameters,5.0.0,Splunk_TA_microsoft_sysmon,"Splunk_TA_microsoft_sysmon, Splunk_TA_bit9-carbonblack"
cmdline_tool_not_executed_in_cmd_shell,5.0.0,Splunk_TA_microsoft_sysmon,Splunk_TA_microsoft_sysmon
windows_dism_remove_defender,5.0.0,Splunk_TA_microsoft_sysmon,Splunk_TA_microsoft_sysmon
detect_html_help_using_infotech_storage_handlers,5.0.0,Splunk_TA_microsoft_sysmon,Splunk_TA_microsoft_sysmon
detect_html_help_spawn_child_process,5.0.0,Splunk_TA_microsoft_sysmon,Splunk_TA_microsoft_sysmon
detect_rundll32_inline_hta_execution,5.0.0,Splunk_TA_microsoft_sysmon,Splunk_TA_microsoft_sysmon
enable_wdigest_uselogoncredential_registry,5.0.0,Splunk_TA_microsoft_sysmon,Splunk_TA_microsoft_sysmon
time_provider_persistence_registry,5.0.0,Splunk_TA_microsoft_sysmon,"Splunk_TA_microsoft_sysmon, Splunk_TA_bit9-carbonblack"
attacker_tools_on_endpoint,5.0.0,Splunk_TA_microsoft_sysmon,"Splunk_TA_microsoft_sysmon, Splunk_TA_bit9-carbonblack, Splunk_TA_windows"
excessive_service_stop_attempt,5.0.0,Splunk_TA_microsoft_sysmon,Splunk_TA_microsoft_sysmon
icacls_deny_command,5.0.0,Splunk_TA_microsoft_sysmon,"Splunk_TA_microsoft_sysmon, Splunk_TA_bit9-carbonblack, Splunk_TA_CrowdStrike_FDR"
disable_windows_behavior_monitoring,5.0.0,Splunk_TA_microsoft_sysmon,"Splunk_TA_microsoft_sysmon, Splunk_TA_bit9-carbonblack"
script_execution_via_wmi,5.0.0,Splunk_TA_microsoft_sysmon,"Splunk_TA_nix, Splunk_TA_microsoft_sysmon, Splunk_TA_bit9-carbonblack, Splunk_TA_windows, Splunk_TA_cyberark_epm, Splunk_TA_CrowdStrike_FDR"
secretdumps_offline_ntds_dumping_tool,5.0.0,Splunk_TA_microsoft_sysmon,"Splunk_TA_microsoft_sysmon, Splunk_TA_bit9-carbonblack"
remote_process_instantiation_via_winrm_and_winrs,5.0.0,Splunk_TA_microsoft_sysmon,Splunk_TA_microsoft_sysmon
suspicious_msbuild_path,5.0.0,Splunk_TA_microsoft_sysmon,Splunk_TA_microsoft_sysmon
suspicious_mshta_child_process,5.0.0,Splunk_TA_microsoft_sysmon,"Splunk_TA_microsoft_sysmon, Splunk_TA_bit9-carbonblack"
rubeus_command_line_parameters,5.0.0,Splunk_TA_microsoft_sysmon,"Splunk_TA_microsoft_sysmon, Splunk_TA_bit9-carbonblack"
set_default_powershell_execution_policy_to_unrestricted_or_bypass,5.0.0,Splunk_TA_microsoft_sysmon,"Splunk_TA_microsoft_sysmon, Splunk_TA_bit9-carbonblack"
unload_sysmon_filter_driver,5.0.0,Splunk_TA_microsoft_sysmon,"Splunk_TA_microsoft_sysmon, Splunk_TA_bit9-carbonblack, Splunk_TA_CrowdStrike_FDR"
process_execution_via_wmi,5.0.0,Splunk_TA_microsoft_sysmon,"Splunk_TA_microsoft_sysmon, Splunk_TA_bit9-carbonblack, Splunk_TA_CrowdStrike_FDR"
disabling_task_manager,5.0.0,Splunk_TA_microsoft_sysmon,"Splunk_TA_microsoft_sysmon, Splunk_TA_bit9-carbonblack"
certutil_exe_certificate_extraction,5.0.0,Splunk_TA_microsoft_sysmon,Splunk_TA_microsoft_sysmon
windows_disable_windows_group_policy_features_through_registry,5.0.0,Splunk_TA_microsoft_sysmon,"Splunk_TA_microsoft_sysmon, Splunk_TA_bit9-carbonblack"
file_with_samsam_extension,5.0.0,Splunk_TA_microsoft_sysmon,"Splunk_TA_nix, Splunk_TA_microsoft_sysmon, Splunk_TA_bit9-carbonblack, Splunk_TA_cyberark, Splunk_TA_sophos, Splunk_TA_windows, splunk_ta_o365, Splunk_TA_CrowdStrike_FDR"
rundll32_control_rundll_world_writable_directory,5.0.0,Splunk_TA_microsoft_sysmon,Splunk_TA_microsoft_sysmon
getdomaingroup_with_powershell,5.0.0,Splunk_TA_microsoft_sysmon,Splunk_TA_microsoft_sysmon
change_default_file_association,5.0.0,Splunk_TA_microsoft_sysmon,"Splunk_TA_microsoft_sysmon, Splunk_TA_bit9-carbonblack"
ping_sleep_batch_command,5.0.0,Splunk_TA_microsoft_sysmon,Splunk_TA_microsoft_sysmon
linux_sudoers_tmp_file_creation,5.0.0,,"Splunk_TA_microsoft_sysmon, Splunk_TA_bit9-carbonblack"
overwriting_accessibility_binaries,5.0.0,Splunk_TA_microsoft_sysmon,"Splunk_TA_ossec, Splunk_TA_nix, Splunk_TA_microsoft_sysmon, Splunk_TA_bit9-carbonblack, Splunk_TA_cyberark, Splunk_TA_sophos, Splunk_TA_windows, splunk_ta_o365, Splunk_TA_CrowdStrike_FDR"
rundll_loading_dll_by_ordinal,5.0.0,Splunk_TA_microsoft_sysmon,Splunk_TA_microsoft_sysmon
linux_possible_access_or_modification_of_sshd_config_file,5.0.0,,"Splunk_TA_microsoft_sysmon, Splunk_TA_bit9-carbonblack, Splunk_TA_CrowdStrike_FDR"
system_processes_run_from_unexpected_locations,5.0.0,Splunk_TA_microsoft_sysmon,"Splunk_TA_microsoft_sysmon, Splunk_TA_bit9-carbonblack, Splunk_TA_CrowdStrike_FDR"
spoolsv_spawning_rundll32,5.0.0,Splunk_TA_microsoft_sysmon,Splunk_TA_microsoft_sysmon
windows_process_with_namedpipe_commandline,5.0.0,Splunk_TA_microsoft_sysmon,Splunk_TA_microsoft_sysmon
wbadmin_delete_system_backups,5.0.0,Splunk_TA_microsoft_sysmon,"Splunk_TA_microsoft_sysmon, Splunk_TA_bit9-carbonblack, Splunk_TA_CrowdStrike_FDR"
xsl_script_execution_with_wmic,5.0.0,Splunk_TA_microsoft_sysmon,"Splunk_TA_microsoft_sysmon, Splunk_TA_bit9-carbonblack"
linux_add_files_in_known_crontab_directories,5.0.0,,"Splunk_TA_microsoft_sysmon, Splunk_TA_bit9-carbonblack"
extraction_of_registry_hives,5.0.0,Splunk_TA_microsoft_sysmon,Splunk_TA_microsoft_sysmon
windows_defender_exclusion_registry_entry,5.0.0,Splunk_TA_microsoft_sysmon,Splunk_TA_microsoft_sysmon
suspicious_rundll32_with_no_command_line_arguments,5.0.0,Splunk_TA_microsoft_sysmon,Splunk_TA_microsoft_sysmon
registry_keys_used_for_persistence,5.0.0,Splunk_TA_microsoft_sysmon,"Splunk_TA_microsoft_sysmon, Splunk_TA_bit9-carbonblack"
scheduled_task_creation_on_remote_endpoint_using_at,5.0.0,Splunk_TA_microsoft_sysmon,Splunk_TA_microsoft_sysmon
excessive_attempt_to_disable_services,5.0.0,Splunk_TA_microsoft_sysmon,"Splunk_TA_microsoft_sysmon, Splunk_TA_bit9-carbonblack, Splunk_TA_CrowdStrike_FDR"
windows_dotnet_binary_in_non_standard_path,5.0.0,Splunk_TA_microsoft_sysmon,Splunk_TA_microsoft_sysmon
suspicious_searchprotocolhost_no_command_line_arguments,5.0.0,Splunk_TA_microsoft_sysmon,Splunk_TA_microsoft_sysmon
attempt_to_stop_security_service,5.0.0,Splunk_TA_microsoft_sysmon,Splunk_TA_microsoft_sysmon
windows_installutil_in_non_standard_path,5.0.0,Splunk_TA_microsoft_sysmon,Splunk_TA_microsoft_sysmon
java_class_file_download_by_java_user_agent,5.0.0,,"Splunk_TA_squid, Splunk_TA_citrix-netscaler, Splunk_TA_cisco-wsa, Splunk_TA_mcafee-wg, Splunk_TA_haproxy, Splunk_TA_websense-cg, Splunk_TA_microsoft-iis, Splunk_TA_nginx"
getwmiobject_ds_computer_with_powershell,5.0.0,Splunk_TA_microsoft_sysmon,Splunk_TA_microsoft_sysmon
net_profiler_uac_bypass,5.0.0,Splunk_TA_microsoft_sysmon,"Splunk_TA_microsoft_sysmon, Splunk_TA_bit9-carbonblack"
windows_disable_change_password_through_registry,5.0.0,Splunk_TA_microsoft_sysmon,"Splunk_TA_microsoft_sysmon, Splunk_TA_bit9-carbonblack"
linux_at_allow_config_file_creation,5.0.0,,"Splunk_TA_microsoft_sysmon, Splunk_TA_bit9-carbonblack"
excel_spawning_powershell,5.0.0,Splunk_TA_microsoft_sysmon,Splunk_TA_microsoft_sysmon
logon_script_event_trigger_execution,5.0.0,Splunk_TA_microsoft_sysmon,"Splunk_TA_microsoft_sysmon, Splunk_TA_bit9-carbonblack"
impacket_lateral_movement_commandline_parameters,5.0.0,Splunk_TA_microsoft_sysmon,Splunk_TA_microsoft_sysmon
allow_inbound_traffic_by_firewall_rule_registry,5.0.0,Splunk_TA_microsoft_sysmon,"Splunk_TA_microsoft_sysmon, Splunk_TA_bit9-carbonblack"
detect_regasm_with_no_command_line_arguments,5.0.0,Splunk_TA_microsoft_sysmon,Splunk_TA_microsoft_sysmon
office_application_spawn_rundll32_process,5.0.0,Splunk_TA_microsoft_sysmon,Splunk_TA_microsoft_sysmon
windows_installutil_url_in_command_line,5.0.0,Splunk_TA_microsoft_sysmon,Splunk_TA_microsoft_sysmon
allow_operation_with_consent_admin,5.0.0,Splunk_TA_microsoft_sysmon,"Splunk_TA_microsoft_sysmon, Splunk_TA_bit9-carbonblack"
linux_preload_hijack_library_calls,5.0.0,,"Splunk_TA_microsoft_sysmon, Splunk_TA_bit9-carbonblack, Splunk_TA_CrowdStrike_FDR"
windows_installutil_credential_theft,5.0.0,Splunk_TA_microsoft_sysmon,Splunk_TA_microsoft_sysmon
disabling_net_user_account,5.0.0,Splunk_TA_microsoft_sysmon,Splunk_TA_microsoft_sysmon
detect_exchange_web_shell,5.0.0,Splunk_TA_microsoft_sysmon,"Splunk_TA_microsoft_sysmon, Splunk_TA_bit9-carbonblack, Splunk_TA_CrowdStrike_FDR"
detect_use_of_cmd_exe_to_launch_script_interpreters,5.0.0,Splunk_TA_microsoft_sysmon,"Splunk_TA_microsoft_sysmon, Splunk_TA_bit9-carbonblack"
suspicious_msbuild_rename,5.0.0,Splunk_TA_microsoft_sysmon,Splunk_TA_microsoft_sysmon
regsvr32_with_known_silent_switch_cmdline,5.0.0,Splunk_TA_microsoft_sysmon,Splunk_TA_microsoft_sysmon
linux_pkexec_privilege_escalation,5.0.0,,Splunk_TA_microsoft_sysmon
reg_exe_manipulating_windows_services_registry_keys,5.0.0,Splunk_TA_microsoft_sysmon,"Splunk_TA_microsoft_sysmon, Splunk_TA_bit9-carbonblack, Splunk_TA_CrowdStrike_FDR"
linux_insert_kernel_module_using_insmod_utility,5.0.0,,"Splunk_TA_microsoft_sysmon, Splunk_TA_bit9-carbonblack, Splunk_TA_CrowdStrike_FDR"
add_or_set_windows_defender_exclusion,5.0.0,Splunk_TA_microsoft_sysmon,Splunk_TA_microsoft_sysmon
suspicious_linux_discovery_commands,5.0.0,,"Splunk_TA_microsoft_sysmon, Splunk_TA_bit9-carbonblack, Splunk_TA_CrowdStrike_FDR"
office_product_spawning_wmic,5.0.0,Splunk_TA_microsoft_sysmon,Splunk_TA_microsoft_sysmon
disable_logs_using_wevtutil,5.0.0,Splunk_TA_microsoft_sysmon,"Splunk_TA_microsoft_sysmon, Splunk_TA_bit9-carbonblack"
deleting_of_net_users,5.0.0,Splunk_TA_microsoft_sysmon,Splunk_TA_microsoft_sysmon
sdelete_application_execution,5.0.0,Splunk_TA_microsoft_sysmon,Splunk_TA_microsoft_sysmon
remote_process_instantiation_via_wmi_and_powershell,5.0.0,Splunk_TA_microsoft_sysmon,Splunk_TA_microsoft_sysmon
rundll32_shimcache_flush,5.0.0,Splunk_TA_microsoft_sysmon,Splunk_TA_microsoft_sysmon
modify_acl_permission_to_files_or_folder,5.0.0,Splunk_TA_microsoft_sysmon,"Splunk_TA_microsoft_sysmon, Splunk_TA_bit9-carbonblack, Splunk_TA_CrowdStrike_FDR"
any_powershell_downloadfile,5.0.0,Splunk_TA_microsoft_sysmon,Splunk_TA_microsoft_sysmon
schtasks_run_task_on_demand,5.0.0,Splunk_TA_microsoft_sysmon,"Splunk_TA_microsoft_sysmon, Splunk_TA_bit9-carbonblack, Splunk_TA_CrowdStrike_FDR"
remote_system_discovery_with_wmic,5.0.0,Splunk_TA_microsoft_sysmon,Splunk_TA_microsoft_sysmon
suspicious_reg_exe_process,5.0.0,Splunk_TA_microsoft_sysmon,"Splunk_TA_microsoft_sysmon, Splunk_TA_bit9-carbonblack, Splunk_TA_CrowdStrike_FDR"
linux_possible_access_to_sudoers_file,5.0.0,,"Splunk_TA_microsoft_sysmon, Splunk_TA_bit9-carbonblack, Splunk_TA_CrowdStrike_FDR"
remote_process_instantiation_via_dcom_and_powershell,5.0.0,Splunk_TA_microsoft_sysmon,Splunk_TA_microsoft_sysmon
screensaver_event_trigger_execution,5.0.0,Splunk_TA_microsoft_sysmon,"Splunk_TA_microsoft_sysmon, Splunk_TA_bit9-carbonblack"
get_domainpolicy_with_powershell,5.0.0,Splunk_TA_microsoft_sysmon,"Splunk_TA_microsoft_sysmon, Splunk_TA_bit9-carbonblack"
msmpeng_application_dll_side_loading,5.0.0,Splunk_TA_microsoft_sysmon,"Splunk_TA_microsoft_sysmon, Splunk_TA_bit9-carbonblack, Splunk_TA_CrowdStrike_FDR"
services_exe_lolbas_execution_process_spawn,5.0.0,Splunk_TA_microsoft_sysmon,Splunk_TA_microsoft_sysmon
auto_admin_logon_registry_entry,5.0.0,Splunk_TA_microsoft_sysmon,"Splunk_TA_microsoft_sysmon, Splunk_TA_bit9-carbonblack"
check_elevated_cmd_using_whoami,5.0.0,Splunk_TA_microsoft_sysmon,"Splunk_TA_microsoft_sysmon, Splunk_TA_bit9-carbonblack"
creation_of_shadow_copy_with_wmic_and_powershell,5.0.0,Splunk_TA_microsoft_sysmon,Splunk_TA_microsoft_sysmon
disable_security_logs_using_minint_registry,5.0.0,Splunk_TA_microsoft_sysmon,Splunk_TA_microsoft_sysmon
windows_file_without_extension_in_critical_folder,5.0.0,Splunk_TA_microsoft_sysmon,"Splunk_TA_microsoft_sysmon, Splunk_TA_bit9-carbonblack"
linux_dd_file_overwrite,5.0.0,,"Splunk_TA_microsoft_sysmon, Splunk_TA_bit9-carbonblack, Splunk_TA_CrowdStrike_FDR"
disable_windows_app_hotkeys,5.0.0,Splunk_TA_microsoft_sysmon,"Splunk_TA_microsoft_sysmon, Splunk_TA_bit9-carbonblack"
getwmiobject_ds_group_with_powershell,5.0.0,Splunk_TA_microsoft_sysmon,Splunk_TA_microsoft_sysmon
office_spawning_control,5.0.0,Splunk_TA_microsoft_sysmon,Splunk_TA_microsoft_sysmon
execute_javascript_with_jscript_com_clsid,5.0.0,Splunk_TA_microsoft_sysmon,"Splunk_TA_microsoft_sysmon, Splunk_TA_bit9-carbonblack"
mshta_spawning_rundll32_or_regsvr32_process,5.0.0,Splunk_TA_microsoft_sysmon,Splunk_TA_microsoft_sysmon
allow_network_discovery_in_firewall,5.0.0,Splunk_TA_microsoft_sysmon,Splunk_TA_microsoft_sysmon
suspicious_dllhost_no_command_line_arguments,5.0.0,Splunk_TA_microsoft_sysmon,Splunk_TA_microsoft_sysmon
disabling_defender_services,5.0.0,Splunk_TA_microsoft_sysmon,Splunk_TA_microsoft_sysmon
winword_spawning_powershell,5.0.0,Splunk_TA_microsoft_sysmon,Splunk_TA_microsoft_sysmon
detect_sharphound_command_line_arguments,5.0.0,Splunk_TA_microsoft_sysmon,"Splunk_TA_microsoft_sysmon, Splunk_TA_bit9-carbonblack"
wmiprsve_exe_lolbas_execution_process_spawn,5.0.0,Splunk_TA_microsoft_sysmon,Splunk_TA_microsoft_sysmon
suspicious_wevtutil_usage,5.0.0,Splunk_TA_microsoft_sysmon,"Splunk_TA_microsoft_sysmon, Splunk_TA_bit9-carbonblack, Splunk_TA_CrowdStrike_FDR"
linux_service_started_or_enabled,5.0.0,,"Splunk_TA_microsoft_sysmon, Splunk_TA_bit9-carbonblack, Splunk_TA_CrowdStrike_FDR"
office_document_spawned_child_process_to_download,5.0.0,Splunk_TA_microsoft_sysmon,Splunk_TA_microsoft_sysmon
attempt_to_add_certificate_to_untrusted_store,5.0.0,Splunk_TA_microsoft_sysmon,"Splunk_TA_microsoft_sysmon, Splunk_TA_bit9-carbonblack"
linux_setuid_using_setcap_utility,5.0.0,,"Splunk_TA_microsoft_sysmon, Splunk_TA_bit9-carbonblack, Splunk_TA_CrowdStrike_FDR"
linux_setuid_using_chmod_utility,5.0.0,,"Splunk_TA_microsoft_sysmon, Splunk_TA_bit9-carbonblack, Splunk_TA_CrowdStrike_FDR"
office_product_spawning_certutil,5.0.0,Splunk_TA_microsoft_sysmon,Splunk_TA_microsoft_sysmon
linux_file_creation_in_profile_directory,5.0.0,,"Splunk_TA_microsoft_sysmon, Splunk_TA_bit9-carbonblack"
windows_service_creation_on_remote_endpoint,5.0.0,Splunk_TA_microsoft_sysmon,Splunk_TA_microsoft_sysmon
office_product_spawning_bitsadmin,5.0.0,Splunk_TA_microsoft_sysmon,Splunk_TA_microsoft_sysmon
linux_service_file_created_in_systemd_directory,5.0.0,,"Splunk_TA_microsoft_sysmon, Splunk_TA_bit9-carbonblack"
dns_query_length_with_high_standard_deviation,5.0.0,Splunk_TA_microsoft_sysmon,"Splunk_TA_microsoft_sysmon, Splunk_TA_isc-bind, Splunk_TA_CrowdStrike_FDR, Splunk_TA_infoblox"
